valid_time,wind_speed,t2m_c,sshf,net_radiation,e,number,expver
1981-01-01 00:00:00,4.112326,24.510962,,,,0,0001
1981-01-01 06:00:00,4.1095324,24.515394,-1.603923e+06,5.465863e+07,-0.0041189613,0,0001
1981-02-01 00:00:00,3.7658846,25.060652,-1.6863696e+06,5.607398e+07,-0.0037907786,0,0001
1981-02-01 06:00:00,3.7590826,25.07037,-1.6870399e+06,5.608549e+07,-0.0037881103,0,0001
1981-03-01 00:00:00,3.004049,26.149076,-1.6670958e+06,5.710694e+07,-0.0033107018,0,0001
1981-03-01 06:00:00,3.0037456,26.155382,-1.6669161e+06,5.7116144e+07,-0.0033064007,0,0001
1981-04-01 00:00:00,2.966411,26.930958,-1.7732496e+06,5.6512236e+07,-0.0036504257,0,0001
1981-04-01 06:00:00,2.974709,26.931063,-1.7741141e+06,5.650733e+07,-0.0036532227,0,0001
1981-05-01 00:00:00,3.962159,26.943592,-1.8103101e+06,5.4856956e+07,-0.0039770477,0,0001
1981-05-01 06:00:00,3.9773765,26.938585,-1.8106142e+06,5.484309e+07,-0.003979769,0,0001
1981-06-01 00:00:00,5.8491206,26.322813,-1.6523682e+06,5.283037e+07,-0.004740692,0,0001
1981-06-01 06:00:00,5.850465,26.317484,-1.6510818e+06,5.2814004e+07,-0.0047468785,0,0001
1981-07-01 00:00:00,6.010427,25.683395,-1.3462075e+06,5.231554e+07,-0.0044126427,0,0001
1981-07-01 06:00:00,6.012296,25.681087,-1.3436455e+06,5.231135e+07,-0.004409834,0,0001
1981-08-01 00:00:00,6.2421904,25.397163,-1.2914952e+06,5.3445896e+07,-0.004292457,0,0001
1981-08-01 06:00:00,6.232564,25.396317,-1.2910712e+06,5.345512e+07,-0.0042915028,0,0001
1981-09-01 00:00:00,5.048512,25.292149,-1.3694224e+06,5.4540484e+07,-0.003998082,0,0001
1981-09-01 06:00:00,5.03687,25.292734,-1.3700594e+06,5.4549308e+07,-0.0039956965,0,0001
1981-10-01 00:00:00,3.6514716,25.36236,-1.3388181e+06,5.542275e+07,-0.0038352816,0,0001
1981-10-01 06:00:00,3.654038,25.35826,-1.3385556e+06,5.5430092e+07,-0.0038339335,0,0001
1981-11-01 00:00:00,3.9697094,24.853966,-1.3864922e+06,5.4708304e+07,-0.0040413737,0,0001
1981-11-01 06:00:00,3.9712768,24.84984,-1.386882e+06,5.4702436e+07,-0.0040430604,0,0001
1981-12-01 00:00:00,4.157787,24.358995,-1.446825e+06,5.41923e+07,-0.004042693,0,0001
1981-12-01 06:00:00,4.1572475,24.35958,-1.4473288e+06,5.4188012e+07,-0.0040426897,0,0001
1982-01-01 00:00:00,4.09094,24.431408,-1.5265319e+06,5.4532844e+07,-0.003950087,0,0001
1982-01-01 06:00:00,4.090752,24.435587,-1.5271758e+06,5.453565e+07,-0.003949334,0,0001
1982-02-01 00:00:00,4.0676317,24.949577,-1.6560775e+06,5.5677784e+07,-0.0039122147,0,0001
1982-02-01 06:00:00,4.0635233,24.958252,-1.6571255e+06,5.5687068e+07,-0.003911913,0,0001
1982-03-01 00:00:00,3.6074684,25.921188,-1.8424609e+06,5.683332e+07,-0.0038719159,0,0001
1982-03-01 06:00:00,3.6040108,25.92755,-1.8441306e+06,5.684365e+07,-0.0038715554,0,0001
1982-04-01 00:00:00,3.1787226,26.710041,-1.7814095e+06,5.6571064e+07,-0.0037196996,0,0001
1982-04-01 06:00:00,3.1860118,26.712467,-1.7808996e+06,5.656885e+07,-0.0037184649,0,0001
1982-05-01 00:00:00,4.0534115,27.001139,-1.8781326e+06,5.5043372e+07,-0.004205385,0,0001
1982-05-01 06:00:00,4.0720944,26.997269,-1.8789498e+06,5.503055e+07,-0.004209477,0,0001
1982-06-01 00:00:00,6.3700976,26.521145,-1.7099105e+06,5.27987e+07,-0.005038494,0,0001
1982-06-01 06:00:00,6.3721104,26.51534,-1.7085362e+06,5.2780556e+07,-0.0050452338,0,0001
1982-07-01 00:00:00,6.6116214,25.824696,-1.5264602e+06,5.234768e+07,-0.0047901855,0,0001
1982-07-01 06:00:00,6.6109347,25.821394,-1.5249302e+06,5.2344044e+07,-0.004788042,0,0001
1982-08-01 00:00:00,6.5264897,25.415201,-1.3442691e+06,5.29086e+07,-0.004455991,0,0001
1982-08-01 06:00:00,6.5159574,25.414991,-1.3428004e+06,5.2913188e+07,-0.0044532917,0,0001
1982-09-01 00:00:00,5.220454,25.389242,-1.4536661e+06,5.475258e+07,-0.0041170106,0,0001
1982-09-01 06:00:00,5.20699,25.389252,-1.4545675e+06,5.4767536e+07,-0.0041142767,0,0001
1982-10-01 00:00:00,3.6047237,25.39032,-1.4546948e+06,5.5433456e+07,-0.00377587,0,0001
1982-10-01 06:00:00,3.6036944,25.388536,-1.4546959e+06,5.5439052e+07,-0.0037730262,0,0001
1982-11-01 00:00:00,3.477106,25.169119,-1.3749354e+06,5.4647812e+07,-0.0038040401,0,0001
1982-11-01 06:00:00,3.4796534,25.165594,-1.3742869e+06,5.464138e+07,-0.0038042923,0,0001
1982-12-01 00:00:00,3.7827916,24.74611,-1.4357422e+06,5.368815e+07,-0.0039803865,0,0001
1982-12-01 06:00:00,3.783578,24.745382,-1.4362586e+06,5.368014e+07,-0.0039818664,0,0001
1983-01-01 00:00:00,3.8802848,24.655807,-1.529149e+06,5.429242e+07,-0.0039329845,0,0001
1983-01-01 06:00:00,3.8766968,24.661413,-1.5299042e+06,5.4297396e+07,-0.0039325873,0,0001
1983-02-01 00:00:00,3.4353652,25.35087,-1.5045481e+06,5.5489376e+07,-0.0036090966,0,0001
1983-02-01 06:00:00,3.4338481,25.359169,-1.504342e+06,5.5499068e+07,-0.0036064666,0,0001
1983-03-01 00:00:00,3.2654579,26.280321,-1.7381728e+06,5.6795132e+07,-0.0036095874,0,0001
1983-03-01 06:00:00,3.2676227,26.286215,-1.7402794e+06,5.680681e+07,-0.0036096156,0,0001
1983-04-01 00:00:00,3.5339015,27.011215,-1.9183478e+06,5.6671972e+07,-0.0039860653,0,0001
1983-04-01 06:00:00,3.5412133,27.013607,-1.9197955e+06,5.6670876e+07,-0.003989126,0,0001
1983-05-01 00:00:00,4.411333,27.298187,-1.798074e+06,5.538808e+07,-0.003959019,0,0001
1983-05-01 06:00:00,4.421914,27.294588,-1.7970511e+06,5.53773e+07,-0.0039587663,0,0001
1983-06-01 00:00:00,5.723362,26.85187,-1.6883938e+06,5.3181344e+07,-0.0047112694,0,0001
1983-06-01 06:00:00,5.7293553,26.845879,-1.6875104e+06,5.3163492e+07,-0.0047173873,0,0001
1983-07-01 00:00:00,6.4425764,26.132927,-1.436738e+06,5.249598e+07,-0.004713997,0,0001
1983-07-01 06:00:00,6.4388685,26.12915,-1.4346306e+06,5.2490372e+07,-0.0047139684,0,0001
1983-08-01 00:00:00,5.982797,25.664705,-1.2656555e+06,5.3066036e+07,-0.004427693,0,0001
1983-08-01 06:00:00,5.978251,25.663334,-1.2642818e+06,5.3070716e+07,-0.0044253655,0,0001
1983-09-01 00:00:00,5.4190693,25.494713,-1.3872716e+06,5.426297e+07,-0.00423359,0,0001
1983-09-01 06:00:00,5.4053,25.493113,-1.3882715e+06,5.427266e+07,-0.004232031,0,0001
1983-10-01 00:00:00,3.7667456,25.302681,-1.3628835e+06,5.503911e+07,-0.0039345007,0,0001
1983-10-01 06:00:00,3.7681425,25.298199,-1.3626701e+06,5.504555e+07,-0.0039320006,0,0001
1983-11-01 00:00:00,3.9399548,24.74695,-1.3974488e+06,5.4646564e+07,-0.004026722,0,0001
1983-11-01 06:00:00,3.941448,24.744034,-1.3977315e+06,5.464332e+07,-0.0040274924,0,0001
1983-12-01 00:00:00,4.1191278,24.396921,-1.4096129e+06,5.3736988e+07,-0.00403282,0,0001
1983-12-01 06:00:00,4.1198654,24.397007,-1.4097128e+06,5.3729372e+07,-0.0040328647,0,0001
1984-01-01 00:00:00,4.21061,24.407581,-1.4781412e+06,5.3982216e+07,-0.004004791,0,0001
1984-01-01 06:00:00,4.209934,24.411537,-1.4786976e+06,5.398427e+07,-0.0040045627,0,0001
1984-02-01 00:00:00,4.1268177,24.898119,-1.5216611e+06,5.5260348e+07,-0.0038415964,0,0001
1984-02-01 06:00:00,4.1200576,24.907942,-1.5220104e+06,5.5270724e+07,-0.0038402714,0,0001
1984-03-01 00:00:00,3.3426466,26.037619,-1.6366176e+06,5.6742e+07,-0.0033952557,0,0001
1984-03-01 06:00:00,3.344757,26.044672,-1.6376142e+06,5.675479e+07,-0.003391386,0,0001
1984-04-01 00:00:00,3.6043344,26.912176,-1.8317554e+06,5.6323056e+07,-0.0038802677,0,0001
1984-04-01 06:00:00,3.6144526,26.91116,-1.8333338e+06,5.6319544e+07,-0.0038842424,0,0001
1984-05-01 00:00:00,4.8185306,26.790146,-1.8050506e+06,5.4687736e+07,-0.0042351806,0,0001
1984-05-01 06:00:00,4.831858,26.78417,-1.804813e+06,5.4674024e+07,-0.0042381296,0,0001
1984-06-01 00:00:00,6.471171,26.049143,-1.4807556e+06,5.2540876e+07,-0.0045174453,0,0001
1984-06-01 06:00:00,6.469095,26.041798,-1.478121e+06,5.2523532e+07,-0.0045197164,0,0001
1984-07-01 00:00:00,6.222099,25.167643,-1.4403368e+06,5.185721e+07,-0.004630957,0,0001
1984-07-01 06:00:00,6.222252,25.16627,-1.4400192e+06,5.185161e+07,-0.0046318914,0,0001
1984-08-01 00:00:00,6.241094,24.99744,-1.2722551e+06,5.311013e+07,-0.004252352,0,0001
1984-08-01 06:00:00,6.227515,24.997284,-1.2708912e+06,5.312036e+07,-0.0042492663,0,0001
1984-09-01 00:00:00,4.55733,24.978146,-1.3778032e+06,5.4715572e+07,-0.0038594007,0,0001
1984-09-01 06:00:00,4.552349,24.977676,-1.3786725e+06,5.472854e+07,-0.003856231,0,0001
1984-10-01 00:00:00,3.9596138,24.921839,-1.345907e+06,5.532888e+07,-0.0037883637,0,0001
1984-10-01 06:00:00,3.961417,24.92108,-1.3456316e+06,5.5333924e+07,-0.0037877935,0,0001
1984-11-01 00:00:00,4.183211,24.82777,-1.3853879e+06,5.454409e+07,-0.0038098842,0,0001
1984-11-01 06:00:00,4.181688,24.825665,-1.3857111e+06,5.4537668e+07,-0.0038100637,0,0001
1984-12-01 00:00:00,4.000432,24.5752,-1.4439999e+06,5.418212e+07,-0.003968646,0,0001
1984-12-01 06:00:00,3.999186,24.576586,-1.4444898e+06,5.4179132e+07,-0.0039699785,0,0001
1985-01-01 00:00:00,3.845932,24.747183,-1.4866539e+06,5.4862596e+07,-0.0037639097,0,0001
1985-01-01 06:00:00,3.8476338,24.750996,-1.4869966e+06,5.486815e+07,-0.0037622342,0,0001
1985-02-01 00:00:00,4.0569534,25.220041,-1.5785809e+06,5.5028284e+07,-0.00397866,0,0001
1985-02-01 06:00:00,4.0496774,25.229143,-1.5793255e+06,5.5029584e+07,-0.0039804196,0,0001
1985-03-01 00:00:00,3.2420356,26.239347,-1.7322334e+06,5.7187524e+07,-0.0035092612,0,0001
1985-03-01 06:00:00,3.2446644,26.244297,-1.7336109e+06,5.7206964e+07,-0.0035050164,0,0001
1985-04-01 00:00:00,3.5679996,26.85311,-1.8711171e+06,5.672271e+07,-0.0038691668,0,0001
1985-04-01 06:00:00,3.5747595,26.853544,-1.872235e+06,5.6718776e+07,-0.0038721275,0,0001
1985-05-01 00:00:00,4.379175,26.90538,-1.7942055e+06,5.4671804e+07,-0.0042020525,0,0001
1985-05-01 06:00:00,4.3908725,26.8983,-1.7935498e+06,5.4654604e+07,-0.004204825,0,0001
1985-06-01 00:00:00,5.8296356,26.027378,-1.5580711e+06,5.2754572e+07,-0.0046938495,0,0001
1985-06-01 06:00:00,5.832696,26.022133,-1.5561566e+06,5.2739124e+07,-0.0046978253,0,0001
1985-07-01 00:00:00,6.1968613,25.39801,-1.4447738e+06,5.227982e+07,-0.004489104,0,0001
1985-07-01 06:00:00,6.2008843,25.396431,-1.4438378e+06,5.227596e+07,-0.0044873497,0,0001
1985-08-01 00:00:00,6.6957145,25.202188,-1.3798709e+06,5.3049932e+07,-0.0045330077,0,0001
1985-08-01 06:00:00,6.685579,25.201822,-1.3793509e+06,5.3056224e+07,-0.004533379,0,0001
1985-09-01 00:00:00,5.438898,25.15683,-1.4263572e+06,5.4590612e+07,-0.0040439465,0,0001
1985-09-01 06:00:00,5.4288306,25.154749,-1.4267394e+06,5.460309e+07,-0.0040399674,0,0001
1985-10-01 00:00:00,4.23083,24.907135,-1.3811724e+06,5.5075244e+07,-0.0039675613,0,0001
1985-10-01 06:00:00,4.226642,24.905499,-1.3807895e+06,5.5079212e+07,-0.0039669527,0,0001
1985-11-01 00:00:00,3.7115016,24.704176,-1.3424956e+06,5.451922e+07,-0.003642004,0,0001
1985-11-01 06:00:00,3.7129805,24.701914,-1.3421842e+06,5.4514668e+07,-0.003639362,0,0001
1985-12-01 00:00:00,3.8889618,24.432772,-1.414611e+06,5.4339732e+07,-0.0038008282,0,0001
1985-12-01 06:00:00,3.8917427,24.431969,-1.4152196e+06,5.433826e+07,-0.0038021852,0,0001
1986-01-01 00:00:00,4.2337823,24.333147,-1.5136914e+06,5.4122764e+07,-0.004006309,0,0001
1986-01-01 06:00:00,4.2272143,24.338974,-1.514492e+06,5.4121012e+07,-0.0040079686,0,0001
1986-02-01 00:00:00,3.4193494,25.055592,-1.5943914e+06,5.5920852e+07,-0.0036191961,0,0001
1986-02-01 06:00:00,3.4194796,25.0642,-1.595041e+06,5.5935484e+07,-0.0036160355,0,0001
1986-03-01 00:00:00,3.4339306,26.019726,-1.7812052e+06,5.642808e+07,-0.0036120603,0,0001
1986-03-01 06:00:00,3.4353185,26.026413,-1.7828824e+06,5.6432516e+07,-0.0036120245,0,0001
1986-04-01 00:00:00,3.6060295,26.849005,-1.7916506e+06,5.676828e+07,-0.003551336,0,0001
1986-04-01 06:00:00,3.6150434,26.850084,-1.7917219e+06,5.677101e+07,-0.0035508426,0,0001
1986-05-01 00:00:00,4.6876826,26.978632,-1.8477949e+06,5.509242e+07,-0.0043481663,0,0001
1986-05-01 06:00:00,4.6975684,26.972939,-1.8482661e+06,5.5078316e+07,-0.0043548667,0,0001
1986-06-01 00:00:00,5.9135094,26.27258,-1.5694851e+06,5.257232e+07,-0.00472719,0,0001
1986-06-01 06:00:00,5.916757,26.26564,-1.5672186e+06,5.2551948e+07,-0.0047302167,0,0001
1986-07-01 00:00:00,6.303254,25.43999,-1.3768479e+06,5.2302136e+07,-0.004382647,0,0001
1986-07-01 06:00:00,6.304488,25.437336,-1.3752481e+06,5.2300036e+07,-0.0043797265,0,0001
1986-08-01 00:00:00,6.4562864,25.110886,-1.3783089e+06,5.32664e+07,-0.004424109,0,0001
1986-08-01 06:00:00,6.446766,25.110443,-1.3783338e+06,5.3274256e+07,-0.00442447,0,0001
1986-09-01 00:00:00,5.275759,25.056074,-1.4226594e+06,5.480899e+07,-0.003984318,0,0001
1986-09-01 06:00:00,5.262102,25.057167,-1.4230198e+06,5.4821468e+07,-0.0039807395,0,0001
1986-10-01 00:00:00,3.6369052,25.187212,-1.3348676e+06,5.5378244e+07,-0.0035998567,0,0001
1986-10-01 06:00:00,3.6345267,25.185696,-1.3341269e+06,5.5382924e+07,-0.003596656,0,0001
1986-11-01 00:00:00,3.3419762,24.999107,-1.3611715e+06,5.5061012e+07,-0.0037544966,0,0001
1986-11-01 06:00:00,3.349164,24.995615,-1.3613914e+06,5.5058396e+07,-0.00375578,0,0001
1986-12-01 00:00:00,4.204517,24.58011,-1.4129184e+06,5.4122984e+07,-0.0038256373,0,0001
1986-12-01 06:00:00,4.203011,24.580553,-1.4133514e+06,5.4115124e+07,-0.0038262242,0,0001
1987-01-01 00:00:00,4.017802,24.635098,-1.4972386e+06,5.4333364e+07,-0.0039401106,0,0001
1987-01-01 06:00:00,4.0126467,24.640114,-1.4979206e+06,5.433514e+07,-0.0039410363,0,0001
1987-02-01 00:00:00,3.3785963,25.257189,-1.5732784e+06,5.6145516e+07,-0.0035083015,0,0001
1987-02-01 06:00:00,3.3752742,25.266933,-1.573891e+06,5.6160236e+07,-0.0035047834,0,0001
1987-03-01 00:00:00,3.0065253,26.348501,-1.6816696e+06,5.707641e+07,-0.003348045,0,0001
1987-03-01 06:00:00,3.007525,26.35464,-1.6826406e+06,5.708466e+07,-0.003346633,0,0001
1987-04-01 00:00:00,3.1304874,27.109676,-1.8289611e+06,5.667822e+07,-0.0035453085,0,0001
1987-04-01 06:00:00,3.1351035,27.110844,-1.8301508e+06,5.6674916e+07,-0.0035469236,0,0001
1987-05-01 00:00:00,3.6844242,27.249807,-1.8483402e+06,5.554951e+07,-0.003940553,0,0001
1987-05-01 06:00:00,3.7011144,27.245646,-1.8484931e+06,5.5540056e+07,-0.0039438605,0,0001
1987-06-01 00:00:00,5.7540193,26.733835,-1.6237308e+06,5.2895784e+07,-0.0047842623,0,0001
1987-06-01 06:00:00,5.7565174,26.728317,-1.6219034e+06,5.2874284e+07,-0.004791095,0,0001
1987-07-01 00:00:00,6.0538206,26.071571,-1.464919e+06,5.31079e+07,-0.004476958,0,0001
1987-07-01 06:00:00,6.056609,26.06973,-1.4635998e+06,5.3109864e+07,-0.004474318,0,0001
1987-08-01 00:00:00,6.399585,25.843317,-1.447471e+06,5.3546396e+07,-0.004644159,0,0001
1987-08-01 06:00:00,6.389112,25.84305,-1.4473399e+06,5.3549944e+07,-0.00464554,0,0001
1987-09-01 00:00:00,5.100983,25.81011,-1.3675296e+06,5.522531e+07,-0.0040147207,0,0001
1987-09-01 06:00:00,5.0912848,25.808449,-1.3668808e+06,5.5238932e+07,-0.004009592,0,0001
1987-10-01 00:00:00,3.9371498,25.610697,-1.3613975e+06,5.546609e+07,-0.003950883,0,0001
1987-10-01 06:00:00,3.9371858,25.608559,-1.3613514e+06,5.5467996e+07,-0.00395039,0,0001
1987-11-01 00:00:00,3.9416132,25.345564,-1.2638061e+06,5.491123e+07,-0.0039025294,0,0001
1987-11-01 06:00:00,3.9428792,25.341316,-1.2630131e+06,5.4906704e+07,-0.0039021403,0,0001
1987-12-01 00:00:00,4.093521,24.835827,-1.342149e+06,5.4345104e+07,-0.003949546,0,0001
1987-12-01 06:00:00,4.0935802,24.836977,-1.342814e+06,5.4340384e+07,-0.003949944,0,0001
1988-01-01 00:00:00,4.1008434,24.978424,-1.478152e+06,5.4634948e+07,-0.003998076,0,0001
1988-01-01 06:00:00,4.0924916,24.985247,-1.4792522e+06,5.4637344e+07,-0.0039984672,0,0001
1988-02-01 00:00:00,3.0652056,25.824478,-1.5435729e+06,5.652855e+07,-0.0036616088,0,0001
1988-02-01 06:00:00,3.0663624,25.831858,-1.5440958e+06,5.654393e+07,-0.00365887,0,0001
1988-03-01 00:00:00,3.1993928,26.680426,-1.741676e+06,5.683745e+07,-0.0037937649,0,0001
1988-03-01 06:00:00,3.2001934,26.684923,-1.7433941e+06,5.684e+07,-0.0037949379,0,0001
1988-04-01 00:00:00,3.2986681,27.238031,-1.8015886e+06,5.681548e+07,-0.0036581575,0,0001
1988-04-01 06:00:00,3.314487,27.237843,-1.8020618e+06,5.681528e+07,-0.0036570455,0,0001
1988-05-01 00:00:00,5.1969213,27.215458,-1.7913996e+06,5.4641652e+07,-0.00460372,0,0001
1988-05-01 06:00:00,5.2018156,27.210009,-1.79131e+06,5.4623388e+07,-0.004611675,0,0001
1988-06-01 00:00:00,5.8038335,26.539785,-1.5008905e+06,5.3029956e+07,-0.0045409007,0,0001
1988-06-01 06:00:00,5.8097486,26.534147,-1.4985294e+06,5.3017e+07,-0.004540325,0,0001
1988-07-01 00:00:00,6.513648,25.863123,-1.3703118e+06,5.204216e+07,-0.0048640464,0,0001
1988-07-01 06:00:00,6.5087776,25.861767,-1.3692342e+06,5.203397e+07,-0.0048667667,0,0001
1988-08-01 00:00:00,5.909711,25.694887,-1.2571625e+06,5.3199436e+07,-0.004318943,0,0001
1988-08-01 06:00:00,5.903416,25.695072,-1.2562514e+06,5.320891e+07,-0.0043144887,0,0001
1988-09-01 00:00:00,5.129141,25.717941,-1.3469305e+06,5.463175e+07,-0.004291681,0,0001
1988-09-01 06:00:00,5.1195683,25.716164,-1.3476678e+06,5.464332e+07,-0.004291496,0,0001
1988-10-01 00:00:00,3.9804428,25.504526,-1.2962531e+06,5.5621988e+07,-0.003894386,0,0001
1988-10-01 06:00:00,3.9836512,25.499657,-1.2958211e+06,5.5630212e+07,-0.003891049,0,0001
1988-11-01 00:00:00,4.3782964,24.900652,-1.4009374e+06,5.4365336e+07,-0.0041448483,0,0001
1988-11-01 06:00:00,4.3750277,24.897438,-1.401792e+06,5.4355052e+07,-0.0041469117,0,0001
1988-12-01 00:00:00,3.986034,24.515068,-1.4171762e+06,5.451827e+07,-0.0039112824,0,0001
1988-12-01 06:00:00,3.987554,24.514286,-1.4173055e+06,5.4519644e+07,-0.0039093024,0,0001
1989-01-01 00:00:00,4.1745434,24.418118,-1.4890728e+06,5.3814204e+07,-0.0040238057,0,0001
1989-01-01 06:00:00,4.1713777,24.422968,-1.4896562e+06,5.3808468e+07,-0.0040247366,0,0001
1989-02-01 00:00:00,3.7819655,25.019678,-1.6423645e+06,5.5571156e+07,-0.0039546806,0,0001
1989-02-01 06:00:00,3.7755218,25.028048,-1.643606e+06,5.558549e+07,-0.003954111,0,0001
1989-03-01 00:00:00,3.0602744,25.957014,-1.6568745e+06,5.6792868e+07,-0.003664828,0,0001
1989-03-01 06:00:00,3.0638232,25.963581,-1.656994e+06,5.6803744e+07,-0.0036622218,0,0001
1989-04-01 00:00:00,3.5003183,26.771236,-1.8522576e+06,5.6484564e+07,-0.0039752023,0,0001
1989-04-01 06:00:00,3.5139747,26.771687,-1.8538451e+06,5.648197e+07,-0.0039777467,0,0001
1989-05-01 00:00:00,5.139087,26.825335,-1.8289592e+06,5.4569212e+07,-0.004596153,0,0001
1989-05-01 06:00:00,5.147256,26.818405,-1.8287501e+06,5.455314e+07,-0.0046013496,0,0001
1989-06-01 00:00:00,6.1519914,25.966082,-1.5780739e+06,5.26421e+07,-0.0048928596,0,0001
1989-06-01 06:00:00,6.154991,25.962467,-1.5760359e+06,5.2626564e+07,-0.00489523,0,0001
1989-07-01 00:00:00,6.511981,25.532446,-1.3575411e+06,5.2109504e+07,-0.004790629,0,0001
1989-07-01 06:00:00,6.513758,25.529757,-1.355705e+06,5.210516e+07,-0.0047897496,0,0001
1989-08-01 00:00:00,6.7323303,25.198933,-1.3280058e+06,5.300407e+07,-0.0045500663,0,0001
1989-08-01 06:00:00,6.7210994,25.199583,-1.3277805e+06,5.301138e+07,-0.0045481175,0,0001
1989-09-01 00:00:00,5.33969,25.27958,-1.3419025e+06,5.468008e+07,-0.0040185647,0,0001
1989-09-01 06:00:00,5.3307853,25.279125,-1.3420174e+06,5.469365e+07,-0.004014259,0,0001
1989-10-01 00:00:00,4.2711234,25.22516,-1.3371304e+06,5.5124652e+07,-0.0038693217,0,0001
1989-10-01 06:00:00,4.2667,25.224865,-1.3370892e+06,5.512827e+07,-0.0038681037,0,0001
1989-11-01 00:00:00,3.722571,25.188591,-1.3112691e+06,5.505866e+07,-0.0037540707,0,0001
1989-11-01 06:00:00,3.7239656,25.18485,-1.3110592e+06,5.5058096e+07,-0.0037531436,0,0001
1989-12-01 00:00:00,3.889932,24.73979,-1.3813032e+06,5.39454e+07,-0.0039649038,0,0001
1989-12-01 06:00:00,3.891822,24.739975,-1.3818935e+06,5.393605e+07,-0.003966683,0,0001
1990-01-01 00:00:00,4.1243176,24.762754,-1.4631289e+06,5.4636844e+07,-0.0039105862,0,0001
1990-01-01 06:00:00,4.114388,24.769636,-1.4637894e+06,5.464254e+07,-0.0039101304,0,0001
1990-02-01 00:00:00,2.893058,25.616034,-1.4484601e+06,5.5864892e+07,-0.0033692946,0,0001
1990-02-01 06:00:00,2.891878,25.621065,-1.4483355e+06,5.5874828e+07,-0.0033648976,0,0001
1990-03-01 00:00:00,2.760882,26.179478,-1.656038e+06,5.6774084e+07,-0.0036862877,0,0001
1990-03-01 06:00:00,2.7664003,26.186155,-1.6579092e+06,5.6782184e+07,-0.0036891832,0,0001
1990-04-01 00:00:00,3.4451776,27.007399,-1.8005698e+06,5.6399948e+07,-0.0038739075,0,0001
1990-04-01 06:00:00,3.4569705,27.007803,-1.8017296e+06,5.639684e+07,-0.0038754093,0,0001
1990-05-01 00:00:00,4.8603244,27.055946,-1.695968e+06,5.461572e+07,-0.004569158,0,0001
1990-05-01 06:00:00,4.8743944,27.049578,-1.6950792e+06,5.460075e+07,-0.0045749876,0,0001
1990-06-01 00:00:00,6.6049795,26.266146,-1.4517781e+06,5.2649244e+07,-0.004844456,0,0001
1990-06-01 06:00:00,6.600898,26.260601,-1.4498001e+06,5.263338e+07,-0.004846647,0,0001
1990-07-01 00:00:00,6.115163,25.600782,-1.3314788e+06,5.2156096e+07,-0.0045832074,0,0001
1990-07-01 06:00:00,6.118871,25.599127,-1.3304845e+06,5.2152084e+07,-0.0045809937,0,0001
1990-08-01 00:00:00,6.5750217,25.395563,-1.4245911e+06,5.3231184e+07,-0.0047278097,0,0001
1990-08-01 06:00:00,6.567003,25.395485,-1.4253562e+06,5.3239956e+07,-0.004729003,0,0001
1990-09-01 00:00:00,5.580691,25.385944,-1.3068311e+06,5.470753e+07,-0.004047011,0,0001
1990-09-01 06:00:00,5.566285,25.385859,-1.3058675e+06,5.471946e+07,-0.0040414664,0,0001
1990-10-01 00:00:00,3.851985,25.375628,-1.2745189e+06,5.5164196e+07,-0.0037852228,0,0001
1990-10-01 06:00:00,3.8507595,25.374765,-1.2742555e+06,5.5167932e+07,-0.0037830696,0,0001
1990-11-01 00:00:00,3.7000198,25.2687,-1.257753e+06,5.504786e+07,-0.0037920622,0,0001
1990-11-01 06:00:00,3.7000456,25.265598,-1.2576189e+06,5.5046884e+07,-0.0037921353,0,0001
1990-12-01 00:00:00,3.703106,24.89655,-1.3454859e+06,5.4426708e+07,-0.00376528,0,0001
1990-12-01 06:00:00,3.7056718,24.89651,-1.3462242e+06,5.4421496e+07,-0.0037650543,0,0001
1991-01-01 00:00:00,4.0212765,24.891613,-1.5010225e+06,5.465509e+07,-0.0039332006,0,0001
1991-01-01 06:00:00,4.018873,24.896393,-1.502281e+06,5.4656988e+07,-0.003934568,0,0001
1991-02-01 00:00:00,3.7232451,25.484306,-1.5878321e+06,5.605527e+07,-0.003928001,0,0001
1991-02-01 06:00:00,3.7187433,25.493496,-1.5885276e+06,5.606664e+07,-0.0039279475,0,0001
1991-03-01 00:00:00,3.2190468,26.5136,-1.710973e+06,5.7266028e+07,-0.0035510687,0,0001
1991-03-01 06:00:00,3.2190626,26.518635,-1.7120761e+06,5.727683e+07,-0.0035476733,0,0001
1991-04-01 00:00:00,3.2209902,27.13798,-1.8420991e+06,5.6705796e+07,-0.0038860019,0,0001
1991-04-01 06:00:00,3.2269425,27.139046,-1.8431562e+06,5.670115e+07,-0.0038887525,0,0001
1991-05-01 00:00:00,3.9352605,27.26602,-1.7277461e+06,5.5332732e+07,-0.0038173872,0,0001
1991-05-01 06:00:00,3.9483192,27.260532,-1.7267762e+06,5.532123e+07,-0.0038167874,0,0001
1991-06-01 00:00:00,5.5545444,26.585564,-1.4391772e+06,5.288083e+07,-0.0046488256,0,0001
1991-06-01 06:00:00,5.5627728,26.579586,-1.436839e+06,5.286099e+07,-0.0046555903,0,0001
1991-07-01 00:00:00,6.5419455,25.868227,-1.3989666e+06,5.20347e+07,-0.0050195837,0,0001
1991-07-01 06:00:00,6.540655,25.86515,-1.3986484e+06,5.2027756e+07,-0.0050226427,0,0001
1991-08-01 00:00:00,6.38193,25.486708,-1.2445605e+06,5.3048852e+07,-0.004311974,0,0001
1991-08-01 06:00:00,6.373207,25.486378,-1.2433078e+06,5.305715e+07,-0.0043061962,0,0001
1991-09-01 00:00:00,5.3003216,25.44581,-1.3271382e+06,5.465904e+07,-0.0039624125,0,0001
1991-09-01 06:00:00,5.289512,25.444603,-1.3278198e+06,5.4672064e+07,-0.0039596176,0,0001
1991-10-01 00:00:00,4.0031767,25.300848,-1.346074e+06,5.476976e+07,-0.003781432,0,0001
1991-10-01 06:00:00,4.001369,25.297283,-1.3462274e+06,5.477058e+07,-0.0037799347,0,0001
1991-11-01 00:00:00,3.7790012,24.858692,-1.2963385e+06,5.417283e+07,-0.0037407463,0,0001
1991-11-01 06:00:00,3.777274,24.856453,-1.2959329e+06,5.4167972e+07,-0.0037404278,0,0001
1991-12-01 00:00:00,3.5717168,24.589922,-1.3040634e+06,5.3445588e+07,-0.003757311,0,0001
1991-12-01 06:00:00,3.5714488,24.588833,-1.3041318e+06,5.3439516e+07,-0.0037574528,0,0001
1992-01-01 00:00:00,3.538493,24.45496,-1.3893286e+06,5.4186264e+07,-0.003637086,0,0001
1992-01-01 06:00:00,3.5434146,24.460684,-1.3900212e+06,5.4192336e+07,-0.0036361073,0,0001
1992-02-01 00:00:00,4.1487885,25.164732,-1.5464251e+06,5.4929496e+07,-0.00399895,0,0001
1992-02-01 06:00:00,4.1382823,25.17234,-1.5476968e+06,5.493549e+07,-0.0040019,0,0001
1992-03-01 00:00:00,2.9300916,26.047207,-1.6188199e+06,5.6493896e+07,-0.003395323,0,0001
1992-03-01 06:00:00,2.9331737,26.054153,-1.6194384e+06,5.650745e+07,-0.0033900484,0,0001
1992-04-01 00:00:00,3.3122494,26.908693,-1.7857856e+06,5.637236e+07,-0.0036833202,0,0001
1992-04-01 06:00:00,3.3207443,26.909924,-1.787138e+06,5.637126e+07,-0.0036857047,0,0001
1992-05-01 00:00:00,4.331623,27.056353,-1.8666964e+06,5.4687388e+07,-0.004292166,0,0001
1992-05-01 06:00:00,4.342839,27.051893,-1.8673649e+06,5.4673236e+07,-0.004297262,0,0001
1992-06-01 00:00:00,5.7223854,26.503399,-1.6524864e+06,5.251255e+07,-0.0048880465,0,0001
1992-06-01 06:00:00,5.7268667,26.496828,-1.6507394e+06,5.2494984e+07,-0.00489285,0,0001
1992-07-01 00:00:00,6.2601156,25.714907,-1.4073705e+06,5.186133e+07,-0.0046752333,0,0001
1992-07-01 06:00:00,6.2603216,25.710968,-1.4053254e+06,5.1856004e+07,-0.0046734046,0,0001
1992-08-01 00:00:00,6.285657,25.226538,-1.3542311e+06,5.269209e+07,-0.004713576,0,0001
1992-08-01 06:00:00,6.2779574,25.225258,-1.3538158e+06,5.2698884e+07,-0.0047139022,0,0001
1992-09-01 00:00:00,5.330944,25.06779,-1.4131772e+06,5.4281056e+07,-0.0042378707,0,0001
1992-09-01 06:00:00,5.321422,25.067368,-1.4136599e+06,5.429392e+07,-0.0042340006,0,0001
1992-10-01 00:00:00,4.188311,25.017294,-1.2657855e+06,5.4832132e+07,-0.003832579,0,0001
1992-10-01 06:00:00,4.1869745,25.015484,-1.2645429e+06,5.4836656e+07,-0.0038292056,0,0001
1992-11-01 00:00:00,4.0225945,24.792814,-1.2940925e+06,5.4408336e+07,-0.0037664783,0,0001
1992-11-01 06:00:00,4.0236816,24.790241,-1.2943328e+06,5.4404852e+07,-0.0037659684,0,0001
1992-12-01 00:00:00,4.1530633,24.484001,-1.3319078e+06,5.403846e+07,-0.0039039215,0,0001
1992-12-01 06:00:00,4.150534,24.484764,-1.3322235e+06,5.403538e+07,-0.0039050807,0,0001
1993-01-01 00:00:00,3.839475,24.578512,-1.365724e+06,5.43544e+07,-0.003946879,0,0001
1993-01-01 06:00:00,3.8337896,24.582716,-1.3659964e+06,5.435699e+07,-0.003947219,0,0001
1993-02-01 00:00:00,3.1344826,25.099823,-1.48922e+06,5.59004e+07,-0.0036757505,0,0001
1993-02-01 06:00:00,3.13367,25.107744,-1.4902219e+06,5.5912948e+07,-0.0036735435,0,0001
1993-03-01 00:00:00,3.0434828,25.98701,-1.6634781e+06,5.633491e+07,-0.0036984312,0,0001
1993-03-01 06:00:00,3.0462859,25.993895,-1.665039e+06,5.633871e+07,-0.0036986554,0,0001
1993-04-01 00:00:00,3.39106,26.840899,-1.8062829e+06,5.6561896e+07,-0.0037810982,0,0001
1993-04-01 06:00:00,3.400172,26.842316,-1.8074312e+06,5.656371e+07,-0.0037817685,0,0001
1993-05-01 00:00:00,4.4844813,27.010849,-1.7381656e+06,5.491557e+07,-0.00405581,0,0001
1993-05-01 06:00:00,4.4964128,27.006586,-1.7375835e+06,5.490172e+07,-0.004058113,0,0001
1993-06-01 00:00:00,5.9639664,26.482224,-1.5593462e+06,5.2832556e+07,-0.0048032715,0,0001
1993-06-01 06:00:00,5.9695406,26.475536,-1.5578971e+06,5.2815732e+07,-0.0048093298,0,0001
1993-07-01 00:00:00,6.6328864,25.679766,-1.4574538e+06,5.1939704e+07,-0.005068835,0,0001
1993-07-01 06:00:00,6.629552,25.677118,-1.4566096e+06,5.1932344e+07,-0.0050710156,0,0001
1993-08-01 00:00:00,6.2194242,25.351412,-1.3273368e+06,5.319553e+07,-0.004453092,0,0001
1993-08-01 06:00:00,6.2127366,25.350306,-1.3262858e+06,5.3205796e+07,-0.0044480683,0,0001
1993-09-01 00:00:00,5.3901577,25.214127,-1.3525266e+06,5.43587e+07,-0.0041184714,0,0001
1993-09-01 06:00:00,5.379611,25.21452,-1.35274e+06,5.436807e+07,-0.0041157915,0,0001
1993-10-01 00:00:00,4.124532,25.261318,-1.287124e+06,5.5151944e+07,-0.0038516691,0,0001
1993-10-01 06:00:00,4.1224103,25.25993,-1.2865726e+06,5.5158532e+07,-0.0038494496,0,0001
1993-11-01 00:00:00,3.861401,25.089186,-1.3084828e+06,5.4508924e+07,-0.0037478786,0,0001
1993-11-01 06:00:00,3.8650668,25.085304,-1.3086609e+06,5.4503644e+07,-0.0037470527,0,0001
1993-12-01 00:00:00,4.301279,24.623398,-1.3251874e+06,5.4066596e+07,-0.003807979,0,0001
1993-12-01 06:00:00,4.298247,24.624643,-1.3253262e+06,5.4062924e+07,-0.003808491,0,0001
1994-01-01 00:00:00,3.9253125,24.777838,-1.4084982e+06,5.4594284e+07,-0.003737542,0,0001
1994-01-01 06:00:00,3.9252064,24.781261,-1.4091745e+06,5.4598604e+07,-0.0037369654,0,0001
1994-02-01 00:00:00,3.912158,25.202457,-1.537463e+06,5.525744e+07,-0.0038759105,0,0001
1994-02-01 06:00:00,3.9056246,25.211706,-1.538506e+06,5.5262796e+07,-0.0038770402,0,0001
1994-03-01 00:00:00,3.180412,26.23827,-1.6067198e+06,5.666873e+07,-0.0035101976,0,0001
1994-03-01 06:00:00,3.1821914,26.243921,-1.6073342e+06,5.6681396e+07,-0.0035068928,0,0001
1994-04-01 00:00:00,3.401053,26.93915,-1.7406218e+06,5.6642588e+07,-0.0038150032,0,0001
1994-04-01 06:00:00,3.4113264,26.940405,-1.7417054e+06,5.664227e+07,-0.0038175082,0,0001
1994-05-01 00:00:00,4.633861,27.089865,-1.778615e+06,5.500901e+07,-0.004304825,0,0001
1994-05-01 06:00:00,4.648059,27.084143,-1.7789251e+06,5.4995284e+07,-0.00430892,0,0001
1994-06-01 00:00:00,6.394391,26.380447,-1.4582208e+06,5.2413596e+07,-0.0049678455,0,0001
1994-06-01 06:00:00,6.3997674,26.37459,-1.4556134e+06,5.239261e+07,-0.0049732025,0,0001
1994-07-01 00:00:00,7.0395675,25.677458,-1.2432191e+06,5.2093284e+07,-0.0048095444,0,0001
1994-07-01 06:00:00,7.035536,25.674337,-1.2414342e+06,5.209077e+07,-0.0048081693,0,0001
1994-08-01 00:00:00,6.539659,25.29049,-1.2351598e+06,5.304693e+07,-0.004408591,0,0001
1994-08-01 06:00:00,6.5271597,25.29003,-1.2351088e+06,5.30547e+07,-0.0044053425,0,0001
1994-09-01 00:00:00,4.989723,25.233501,-1.2629719e+06,5.480426e+07,-0.0039300243,0,0001
1994-09-01 06:00:00,4.9790273,25.233368,-1.2631984e+06,5.4818484e+07,-0.00392616,0,0001
1994-10-01 00:00:00,3.7062104,25.21744,-1.2975676e+06,5.539313e+07,-0.0036501226,0,0001
1994-10-01 06:00:00,3.708822,25.216227,-1.2978565e+06,5.5397956e+07,-0.0036478029,0,0001
1994-11-01 00:00:00,4.030042,25.067083,-1.3105159e+06,5.4317444e+07,-0.0038115485,0,0001
1994-11-01 06:00:00,4.0315576,25.063541,-1.3106188e+06,5.430866e+07,-0.0038128798,0,0001
1994-12-01 00:00:00,4.211876,24.642157,-1.3320372e+06,5.426608e+07,-0.0039831395,0,0001
1994-12-01 06:00:00,4.2097864,24.642906,-1.3322172e+06,5.4265724e+07,-0.0039845705,0,0001
1995-01-01 00:00:00,3.9527876,24.735003,-1.3849842e+06,5.423736e+07,-0.003977307,0,0001
1995-01-01 06:00:00,3.9505985,24.740698,-1.3854132e+06,5.423713e+07,-0.003977248,0,0001
1995-02-01 00:00:00,3.6813424,25.441322,-1.547458e+06,5.5736516e+07,-0.00372527,0,0001
1995-02-01 06:00:00,3.6765647,25.448479,-1.5487755e+06,5.5748708e+07,-0.0037232214,0,0001
1995-03-01 00:00:00,3.146246,26.242922,-1.632688e+06,5.6828652e+07,-0.0036407786,0,0001
1995-03-01 06:00:00,3.1463132,26.249346,-1.633444e+06,5.683838e+07,-0.0036400359,0,0001
1995-04-01 00:00:00,3.1545804,27.039465,-1.7989108e+06,5.685295e+07,-0.003759045,0,0001
1995-04-01 06:00:00,3.166288,27.040411,-1.800256e+06,5.685307e+07,-0.0037600126,0,0001
1995-05-01 00:00:00,4.5594816,27.153069,-1.7153462e+06,5.4826476e+07,-0.0043817866,0,0001
1995-05-01 06:00:00,4.569725,27.149347,-1.7146328e+06,5.4809444e+07,-0.0043870118,0,0001
1995-06-01 00:00:00,5.8296885,26.691605,-1.6097006e+06,5.2920788e+07,-0.0047957175,0,0001
1995-06-01 06:00:00,5.83522,26.684538,-1.6088475e+06,5.290543e+07,-0.0047990405,0,0001
1995-07-01 00:00:00,6.493459,25.843552,-1.3957248e+06,5.2078604e+07,-0.0048116464,0,0001
1995-07-01 06:00:00,6.493546,25.841227,-1.3939338e+06,5.2071656e+07,-0.004811752,0,0001
1995-08-01 00:00:00,6.504237,25.555294,-1.3426504e+06,5.295962e+07,-0.004591111,0,0001
1995-08-01 06:00:00,6.4970527,25.554033,-1.3422334e+06,5.296684e+07,-0.0045893174,0,0001
1995-09-01 00:00:00,5.613366,25.39906,-1.4216138e+06,5.446639e+07,-0.004386123,0,0001
1995-09-01 06:00:00,5.601186,25.399408,-1.4222591e+06,5.4478584e+07,-0.0043844706,0,0001
1995-10-01 00:00:00,4.1517167,25.440931,-1.3830455e+06,5.52239e+07,-0.0040491344,0,0001
1995-10-01 06:00:00,4.150083,25.43769,-1.382716e+06,5.5230164e+07,-0.0040463163,0,0001
1995-11-01 00:00:00,3.9491546,25.03914,-1.3065355e+06,5.433496e+07,-0.004025912,0,0001
1995-11-01 06:00:00,3.94909,25.035982,-1.3059161e+06,5.432768e+07,-0.004025746,0,0001
1995-12-01 00:00:00,3.9413872,24.660143,-1.3594175e+06,5.4306204e+07,-0.004038467,0,0001
1995-12-01 06:00:00,3.9425213,24.66076,-1.3598671e+06,5.4306024e+07,-0.004038574,0,0001
1996-01-01 00:00:00,4.082037,24.736746,-1.4792288e+06,5.4450516e+07,-0.0040282006,0,0001
1996-01-01 06:00:00,4.0790906,24.741838,-1.4801991e+06,5.4451692e+07,-0.0040281164,0,0001
1996-02-01 00:00:00,3.7167044,25.368124,-1.5514862e+06,5.5654484e+07,-0.0038933198,0,0001
1996-02-01 06:00:00,3.7129576,25.377222,-1.5520659e+06,5.5664264e+07,-0.0038922238,0,0001
1996-03-01 00:00:00,3.2820902,26.423561,-1.7001516e+06,5.6875744e+07,-0.0036664002,0,0001
1996-03-01 06:00:00,3.2825367,26.427912,-1.7014394e+06,5.688628e+07,-0.0036644365,0,0001
1996-04-01 00:00:00,3.3374724,26.962988,-1.7477809e+06,5.6336556e+07,-0.003956083,0,0001
1996-04-01 06:00:00,3.346959,26.963737,-1.7481576e+06,5.633209e+07,-0.0039584544,0,0001
1996-05-01 00:00:00,4.475878,27.052975,-1.7493014e+06,5.511372e+07,-0.0043339427,0,0001
1996-05-01 06:00:00,4.484923,27.04739,-1.749311e+06,5.510348e+07,-0.004337098,0,0001
1996-06-01 00:00:00,5.5975013,26.360407,-1.547762e+06,5.2437468e+07,-0.0047311215,0,0001
1996-06-01 06:00:00,5.603152,26.3545,-1.5461234e+06,5.241579e+07,-0.0047343248,0,0001
1996-07-01 00:00:00,6.275549,25.651644,-1.4461045e+06,5.18446e+07,-0.005084627,0,0001
1996-07-01 06:00:00,6.274209,25.647654,-1.445264e+06,5.18398e+07,-0.0050875708,0,0001
1996-08-01 00:00:00,6.1094165,25.156902,-1.3510391e+06,5.277454e+07,-0.0045381663,0,0001
1996-08-01 06:00:00,6.0998898,25.157976,-1.3502731e+06,5.278214e+07,-0.0045336997,0,0001
1996-09-01 00:00:00,4.9281073,25.29007,-1.3212048e+06,5.4558772e+07,-0.004116305,0,0001
1996-09-01 06:00:00,4.9235234,25.288685,-1.3209684e+06,5.4573216e+07,-0.004112912,0,0001
1996-10-01 00:00:00,4.378025,25.123955,-1.317651e+06,5.4694596e+07,-0.004065371,0,0001
1996-10-01 06:00:00,4.371685,25.122969,-1.3176231e+06,5.4695616e+07,-0.0040649716,0,0001
1996-11-01 00:00:00,3.5918705,25.001785,-1.2833065e+06,5.495965e+07,-0.0037215832,0,0001
1996-11-01 06:00:00,3.593744,24.998812,-1.2830275e+06,5.4961796e+07,-0.0037187913,0,0001
1996-12-01 00:00:00,3.8166823,24.644905,-1.3263958e+06,5.4039652e+07,-0.004014227,0,0001
1996-12-01 06:00:00,3.8199747,24.64436,-1.3267602e+06,5.4031904e+07,-0.0040167095,0,0001
1997-01-01 00:00:00,4.2249427,24.577215,-1.4761779e+06,5.436613e+07,-0.0041734176,0,0001
1997-01-01 06:00:00,4.2256503,24.580421,-1.4773926e+06,5.4368844e+07,-0.0041746916,0,0001
1997-02-01 00:00:00,4.312693,24.974691,-1.6170641e+06,5.5198576e+07,-0.004112808,0,0001
1997-02-01 06:00:00,4.3051577,24.985506,-1.6181996e+06,5.520532e+07,-0.004112305,0,0001
1997-03-01 00:00:00,3.4686987,26.186031,-1.6646171e+06,5.71458e+07,-0.0036574597,0,0001
1997-03-01 06:00:00,3.4651115,26.1894,-1.6650352e+06,5.716328e+07,-0.003653362,0,0001
1997-04-01 00:00:00,3.0238895,26.603619,-1.7586974e+06,5.632132e+07,-0.0038041105,0,0001
1997-04-01 06:00:00,3.0339727,26.606577,-1.7594589e+06,5.6314476e+07,-0.003805336,0,0001
1997-05-01 00:00:00,4.233868,26.95857,-1.8979018e+06,5.474204e+07,-0.004449763,0,0001
1997-05-01 06:00:00,4.2489877,26.955389,-1.8990651e+06,5.4728828e+07,-0.004455178,0,0001
1997-06-01 00:00:00,6.1086926,26.564104,-1.7175681e+06,5.3156972e+07,-0.0048349514,0,0001
1997-06-01 06:00:00,6.115263,26.558811,-1.7160925e+06,5.314419e+07,-0.004838039,0,0001
1997-07-01 00:00:00,6.8971405,25.928877,-1.3568214e+06,5.2110204e+07,-0.0049858917,0,0001
1997-07-01 06:00:00,6.8945518,25.926323,-1.3538022e+06,5.2101516e+07,-0.004987134,0,0001
1997-08-01 00:00:00,6.576117,25.612085,-1.3485049e+06,5.356087e+07,-0.0048441323,0,0001
1997-08-01 06:00:00,6.5638695,25.611767,-1.3484618e+06,5.3572736e+07,-0.0048429696,0,0001
1997-09-01 00:00:00,5.057405,25.57266,-1.3514688e+06,5.4980844e+07,-0.0041740728,0,0001
1997-09-01 06:00:00,5.0476646,25.572304,-1.3514932e+06,5.4992292e+07,-0.004168635,0,0001
1997-10-01 00:00:00,3.88855,25.529877,-1.3407921e+06,5.583646e+07,-0.003851287,0,0001
1997-10-01 06:00:00,3.888112,25.530483,-1.3407022e+06,5.584355e+07,-0.0038486202,0,0001
1997-11-01 00:00:00,3.834251,25.60515,-1.2325145e+06,5.5544724e+07,-0.003762603,0,0001
1997-11-01 06:00:00,3.8348377,25.6023,-1.2316349e+06,5.5542296e+07,-0.0037619036,0,0001
1997-12-01 00:00:00,3.9046478,25.263103,-1.2880976e+06,5.469788e+07,-0.003979965,0,0001
1997-12-01 06:00:00,3.9074113,25.264482,-1.2885721e+06,5.4690784e+07,-0.0039817975,0,0001
1998-01-01 00:00:00,4.2473187,25.434193,-1.4330936e+06,5.532448e+07,-0.004150036,0,0001
1998-01-01 06:00:00,4.243228,25.440273,-1.4342686e+06,5.532963e+07,-0.0041514034,0,0001
1998-02-01 00:00:00,3.740082,26.188171,-1.4780789e+06,5.5928652e+07,-0.003848584,0,0001
1998-02-01 06:00:00,3.7340436,26.194595,-1.478435e+06,5.5933524e+07,-0.003846122,0,0001
1998-03-01 00:00:00,3.063785,26.907679,-1.7144598e+06,5.7240812e+07,-0.0037179727,0,0001
1998-03-01 06:00:00,3.0653508,26.914698,-1.7165861e+06,5.7252588e+07,-0.003716818,0,0001
1998-04-01 00:00:00,3.2579398,27.778042,-1.8206098e+06,5.6940732e+07,-0.0038578834,0,0001
1998-04-01 06:00:00,3.2677631,27.778893,-1.8214555e+06,5.6938196e+07,-0.0038590303,0,0001
1998-05-01 00:00:00,4.436749,27.880163,-1.8143161e+06,5.5015024e+07,-0.0046765916,0,0001
1998-05-01 06:00:00,4.4498296,27.873442,-1.8142561e+06,5.4998864e+07,-0.004683462,0,0001
1998-06-01 00:00:00,6.058735,27.046732,-1.676868e+06,5.2892136e+07,-0.0052718385,0,0001
1998-06-01 06:00:00,6.0617676,27.03796,-1.675751e+06,5.287501e+07,-0.0052766223,0,0001
1998-07-01 00:00:00,6.4226346,25.994173,-1.4436305e+06,5.201199e+07,-0.0049472144,0,0001
1998-07-01 06:00:00,6.4190063,25.991928,-1.4416799e+06,5.200474e+07,-0.004944446,0,0001
1998-08-01 00:00:00,5.9727426,25.715782,-1.3936002e+06,5.297413e+07,-0.004651387,0,0001
1998-08-01 06:00:00,5.97047,25.715279,-1.3932094e+06,5.298201e+07,-0.0046490044,0,0001
1998-09-01 00:00:00,5.690947,25.653357,-1.4132358e+06,5.4331668e+07,-0.0045695254,0,0001
1998-09-01 06:00:00,5.681221,25.652414,-1.4133986e+06,5.434264e+07,-0.004568879,0,0001
1998-10-01 00:00:00,4.5238028,25.540379,-1.3681975e+06,5.4994524e+07,-0.00427288,0,0001
1998-10-01 06:00:00,4.522024,25.537302,-1.3678176e+06,5.5000004e+07,-0.0042703925,0,0001
1998-11-01 00:00:00,4.3032565,25.158981,-1.3362796e+06,5.46114e+07,-0.004320039,0,0001
1998-11-01 06:00:00,4.302855,25.155186,-1.3360232e+06,5.460824e+07,-0.0043204427,0,0001
1998-12-01 00:00:00,4.2550673,24.70348,-1.3593312e+06,5.4010744e+07,-0.0041823485,0,0001
1998-12-01 06:00:00,4.25578,24.702007,-1.3595271e+06,5.4005724e+07,-0.004181188,0,0001
1999-01-01 00:00:00,4.343457,24.520987,-1.4840884e+06,5.4246036e+07,-0.004204474,0,0001
1999-01-01 06:00:00,4.3403716,24.528479,-1.4851011e+06,5.4247988e+07,-0.0042046634,0,0001
1999-02-01 00:00:00,3.9608357,25.449898,-1.5526491e+06,5.6213924e+07,-0.0038467469,0,0001
1999-02-01 06:00:00,3.9589727,25.457783,-1.5531982e+06,5.6229908e+07,-0.003843837,0,0001
1999-03-01 00:00:00,3.752168,26.333101,-1.7014452e+06,5.6643016e+07,-0.003906638,0,0001
1999-03-01 06:00:00,3.7541795,26.338963,-1.7027808e+06,5.6646736e+07,-0.0039072037,0,0001
1999-04-01 00:00:00,4.001606,27.059942,-1.7349831e+06,5.651924e+07,-0.0040256693,0,0001
1999-04-01 06:00:00,4.009635,27.057196,-1.7352449e+06,5.6518204e+07,-0.0040266323,0,0001
1999-05-01 00:00:00,4.965098,26.730425,-1.7210834e+06,5.4427164e+07,-0.004644507,0,0001
1999-05-01 06:00:00,4.971382,26.72649,-1.7209644e+06,5.440959e+07,-0.004649699,0,0001
1999-06-01 00:00:00,5.744358,26.242563,-1.4287679e+06,5.293574e+07,-0.004636594,0,0001
1999-06-01 06:00:00,5.752345,26.237585,-1.4263922e+06,5.2923756e+07,-0.0046364875,0,0001
1999-07-01 00:00:00,6.7027845,25.645166,-1.4684091e+06,5.204506e+07,-0.005036778,0,0001
1999-07-01 06:00:00,6.700343,25.643145,-1.4687622e+06,5.2037676e+07,-0.0050401418,0,0001
1999-08-01 00:00:00,6.400062,25.39445,-1.3576249e+06,5.3154904e+07,-0.0045353253,0,0001
1999-08-01 06:00:00,6.393203,25.39423,-1.3567214e+06,5.3163988e+07,-0.004531221,0,0001
1999-09-01 00:00:00,5.549486,25.367153,-1.438194e+06,5.4417676e+07,-0.0043121167,0,0001
1999-09-01 06:00:00,5.537759,25.367498,-1.4388564e+06,5.4427868e+07,-0.0043103355,0,0001
1999-10-01 00:00:00,4.1422157,25.408663,-1.3136952e+06,5.4861692e+07,-0.004000736,0,0001
1999-10-01 06:00:00,4.139271,25.407118,-1.3126435e+06,5.4865336e+07,-0.0039981343,0,0001
1999-11-01 00:00:00,3.7770233,25.216986,-1.3270942e+06,5.4966364e+07,-0.0039654407,0,0001
1999-11-01 06:00:00,3.7814069,25.21173,-1.3272118e+06,5.4967184e+07,-0.003965175,0,0001
1999-12-01 00:00:00,4.30304,24.586105,-1.4079014e+06,5.397047e+07,-0.0042509483,0,0001
1999-12-01 06:00:00,4.2995524,24.58855,-1.4085795e+06,5.3962096e+07,-0.0042533497,0,0001
2000-01-01 00:00:00,3.8705974,24.889194,-1.4319369e+06,5.4572892e+07,-0.0039233463,0,0001
2000-01-01 06:00:00,3.8750832,24.89135,-1.4321268e+06,5.4577856e+07,-0.003920663,0,0001
2000-02-01 00:00:00,4.4268484,25.15652,-1.5567031e+06,5.5015684e+07,-0.004259865,0,0001
2000-02-01 06:00:00,4.4216604,25.162813,-1.557716e+06,5.5019244e+07,-0.0042626224,0,0001
2000-03-01 00:00:00,3.8250265,25.886465,-1.6994772e+06,5.6408864e+07,-0.0039234217,0,0001
2000-03-01 06:00:00,3.8267248,25.895782,-1.70071e+06,5.6420948e+07,-0.003920472,0,0001
2000-04-01 00:00:00,4.035614,27.041796,-1.7521518e+06,5.6333052e+07,-0.0039701895,0,0001
2000-04-01 06:00:00,4.043596,27.041407,-1.75257e+06,5.6332336e+07,-0.0039705937,0,0001
2000-05-01 00:00:00,4.993437,26.995146,-1.6731418e+06,5.4934956e+07,-0.0044573676,0,0001
2000-05-01 06:00:00,5.0028706,26.988913,-1.6724742e+06,5.4923212e+07,-0.004461458,0,0001
2000-06-01 00:00:00,6.163219,26.222322,-1.5526251e+06,5.2377444e+07,-0.0050358665,0,0001
2000-06-01 06:00:00,6.1650014,26.218191,-1.5516508e+06,5.2356748e+07,-0.0050405366,0,0001
2000-07-01 00:00:00,6.37709,25.726479,-1.3938804e+06,5.2211036e+07,-0.0048249224,0,0001
2000-07-01 06:00:00,6.375054,25.724955,-1.3925546e+06,5.2209812e+07,-0.0048231105,0,0001
2000-08-01 00:00:00,6.124611,25.537516,-1.4136716e+06,5.3069068e+07,-0.004751007,0,0001
2000-08-01 06:00:00,6.117009,25.53681,-1.4138432e+06,5.3076052e+07,-0.004750421,0,0001
2000-09-01 00:00:00,5.1819735,25.44994,-1.3961651e+06,5.4528196e+07,-0.0042389515,0,0001
2000-09-01 06:00:00,5.175532,25.45069,-1.3960214e+06,5.4540004e+07,-0.004234793,0,0001
2000-10-01 00:00:00,4.408994,25.539785,-1.4012668e+06,5.5454068e+07,-0.00410457,0,0001
2000-10-01 06:00:00,4.4060235,25.53742,-1.4013109e+06,5.5461748e+07,-0.0041034757,0,0001
2000-11-01 00:00:00,4.040614,25.246477,-1.3950649e+06,5.4702324e+07,-0.00408807,0,0001
2000-11-01 06:00:00,4.042582,25.243263,-1.3950141e+06,5.4696148e+07,-0.0040879445,0,0001
2000-12-01 00:00:00,4.2767553,24.860722,-1.4268575e+06,5.4223812e+07,-0.0042167315,0,0001
2000-12-01 06:00:00,4.2791457,24.85965,-1.4271251e+06,5.4219844e+07,-0.0042178137,0,0001
2001-01-01 00:00:00,4.573154,24.72789,-1.5026252e+06,5.373842e+07,-0.004275868,0,0001
2001-01-01 06:00:00,4.566745,24.731556,-1.5032391e+06,5.3734504e+07,-0.0042763404,0,0001
2001-02-01 00:00:00,3.7784228,25.182392,-1.6813072e+06,5.596053e+07,-0.0039858096,0,0001
2001-02-01 06:00:00,3.776005,25.191826,-1.682755e+06,5.5978624e+07,-0.003983448,0,0001
2001-03-01 00:00:00,3.5076246,26.239002,-1.7404942e+06,5.6837652e+07,-0.003912202,0,0001
2001-03-01 06:00:00,3.5064344,26.245985,-1.7410144e+06,5.684539e+07,-0.0039115604,0,0001
2001-04-01 00:00:00,3.360036,27.104805,-1.852071e+06,5.6357348e+07,-0.003988547,0,0001
2001-04-01 06:00:00,3.3744378,27.106054,-1.8529739e+06,5.635338e+07,-0.0039891726,0,0001
2001-05-01 00:00:00,5.088275,27.254702,-1.7998846e+06,5.4854316e+07,-0.0046525183,0,0001
2001-05-01 06:00:00,5.095382,27.247824,-1.7994385e+06,5.484172e+07,-0.0046580927,0,0001
2001-06-01 00:00:00,5.9695787,26.401754,-1.4754401e+06,5.256436e+07,-0.0049312077,0,0001
2001-06-01 06:00:00,5.973101,26.396936,-1.472806e+06,5.2545844e+07,-0.004933428,0,0001
2001-07-01 00:00:00,6.3922687,25.823582,-1.404024e+06,5.2169424e+07,-0.0048716003,0,0001
2001-07-01 06:00:00,6.3939066,25.822422,-1.403446e+06,5.216626e+07,-0.0048710806,0,0001
2001-08-01 00:00:00,6.59537,25.67977,-1.4048229e+06,5.330603e+07,-0.0048055514,0,0001
2001-08-01 06:00:00,6.5829983,25.679556,-1.4048341e+06,5.33153e+07,-0.0048050187,0,0001
2001-09-01 00:00:00,5.06127,25.653372,-1.4400398e+06,5.476525e+07,-0.0040843477,0,0001
2001-09-01 06:00:00,5.0551896,25.652756,-1.440326e+06,5.4777036e+07,-0.004078489,0,0001
2001-10-01 00:00:00,4.331602,25.579548,-1.3523715e+06,5.513364e+07,-0.0041854093,0,0001
2001-10-01 06:00:00,4.3319335,25.576235,-1.3516324e+06,5.5136636e+07,-0.004186308,0,0001
2001-11-01 00:00:00,4.3726697,25.168776,-1.4162331e+06,5.454794e+07,-0.004226568,0,0001
2001-11-01 06:00:00,4.365492,25.168255,-1.4167584e+06,5.454315e+07,-0.0042268955,0,0001
2001-12-01 00:00:00,3.5113318,25.106253,-1.3462212e+06,5.483471e+07,-0.0038434854,0,0001
2001-12-01 06:00:00,3.514482,25.105152,-1.3456285e+06,5.4837164e+07,-0.0038402635,0,0001
2002-01-01 00:00:00,3.901955,24.969698,-1.5400208e+06,5.407851e+07,-0.004306955,0,0001
2002-01-01 06:00:00,3.9004495,24.97372,-1.5416011e+06,5.4072344e+07,-0.004310749,0,0001
2002-02-01 00:00:00,3.7152774,25.468536,-1.5891645e+06,5.5989612e+07,-0.004019277,0,0001
2002-02-01 06:00:00,3.7111247,25.478163,-1.5895512e+06,5.60052e+07,-0.0040169074,0,0001
2002-03-01 00:00:00,3.2501645,26.54667,-1.760972e+06,5.681967e+07,-0.0038251346,0,0001
2002-03-01 06:00:00,3.2517436,26.551697,-1.7625164e+06,5.682701e+07,-0.003823407,0,0001
2002-04-01 00:00:00,3.44596,27.169817,-1.856559e+06,5.662218e+07,-0.0038901865,0,0001
2002-04-01 06:00:00,3.4565177,27.17083,-1.8573236e+06,5.6620516e+07,-0.0038907295,0,0001
2002-05-01 00:00:00,4.7128754,27.29134,-1.7511909e+06,5.4764684e+07,-0.0044856267,0,0001
2002-05-01 06:00:00,4.7241726,27.285872,-1.750299e+06,5.474909e+07,-0.004490626,0,0001
2002-06-01 00:00:00,6.113726,26.613287,-1.6671325e+06,5.2671932e+07,-0.005241593,0,0001
2002-06-01 06:00:00,6.11819,26.608559,-1.6664564e+06,5.2655044e+07,-0.005247698,0,0001
2002-07-01 00:00:00,6.6493626,26.045822,-1.5380425e+06,5.267465e+07,-0.0051608784,0,0001
2002-07-01 06:00:00,6.6491947,26.041576,-1.5369634e+06,5.2674812e+07,-0.0051601487,0,0001
2002-08-01 00:00:00,6.628543,25.51929,-1.4028662e+06,5.29753e+07,-0.0048611714,0,0001
2002-08-01 06:00:00,6.618791,25.519552,-1.401776e+06,5.2977744e+07,-0.0048587406,0,0001
2002-09-01 00:00:00,5.4193454,25.551594,-1.462582e+06,5.4854476e+07,-0.004408935,0,0001
2002-09-01 06:00:00,5.4079537,25.552702,-1.4630764e+06,5.4869732e+07,-0.0044052782,0,0001
2002-10-01 00:00:00,4.052375,25.68463,-1.4172065e+06,5.5391496e+07,-0.00408225,0,0001
2002-10-01 06:00:00,4.0516653,25.682327,-1.416821e+06,5.539588e+07,-0.0040795356,0,0001
2002-11-01 00:00:00,3.9644182,25.399212,-1.3163906e+06,5.445413e+07,-0.0039472664,0,0001
2002-11-01 06:00:00,3.9620209,25.39847,-1.3155741e+06,5.444647e+07,-0.003946191,0,0001
2002-12-01 00:00:00,3.676746,25.310078,-1.3492596e+06,5.4254216e+07,-0.0039084293,0,0001
2002-12-01 06:00:00,3.6782444,25.307869,-1.3495428e+06,5.42526e+07,-0.003908112,0,0001
2003-01-01 00:00:00,3.862548,25.036114,-1.4603735e+06,5.4618484e+07,-0.0040046046,0,0001
2003-01-01 06:00:00,3.8607469,25.04312,-1.4612745e+06,5.462146e+07,-0.0040053893,0,0001
2003-02-01 00:00:00,3.6391935,25.904858,-1.5896919e+06,5.5827736e+07,-0.004045544,0,0001
2003-02-01 06:00:00,3.6356452,25.910244,-1.5907359e+06,5.5837544e+07,-0.0040458706,0,0001
2003-03-01 00:00:00,3.2417722,26.508148,-1.7672952e+06,5.6792976e+07,-0.0039784084,0,0001
2003-03-01 06:00:00,3.2438917,26.514349,-1.7688859e+06,5.6801584e+07,-0.0039778007,0,0001
2003-04-01 00:00:00,3.504601,27.277151,-1.9090835e+06,5.6398496e+07,-0.004063479,0,0001
2003-04-01 06:00:00,3.512907,27.278072,-1.9102234e+06,5.639522e+07,-0.0040641758,0,0001
2003-05-01 00:00:00,4.5013156,27.387802,-1.843934e+06,5.4820836e+07,-0.0046439953,0,0001
2003-05-01 06:00:00,4.5110636,27.382685,-1.843377e+06,5.4807604e+07,-0.0046488675,0,0001
2003-06-01 00:00:00,5.7100577,26.753237,-1.696694e+06,5.2751732e+07,-0.004964621,0,0001
2003-06-01 06:00:00,5.717488,26.74695,-1.6955015e+06,5.2735016e+07,-0.004967188,0,0001
2003-07-01 00:00:00,6.6016617,25.998816,-1.4427595e+06,5.1952156e+07,-0.0050376314,0,0001
2003-07-01 06:00:00,6.596571,25.995907,-1.4406356e+06,5.1945576e+07,-0.005038223,0,0001
2003-08-01 00:00:00,5.9704394,25.638147,-1.3619601e+06,5.311773e+07,-0.0046344837,0,0001
2003-08-01 06:00:00,5.9701047,25.636892,-1.3613205e+06,5.3127256e+07,-0.0046312013,0,0001
2003-09-01 00:00:00,5.928923,25.482449,-1.5055321e+06,5.4445736e+07,-0.0046833116,0,0001
2003-09-01 06:00:00,5.914847,25.482964,-1.5067046e+06,5.4456456e+07,-0.0046837353,0,0001
2003-10-01 00:00:00,4.2397795,25.544312,-1.3663172e+06,5.5201136e+07,-0.0041243145,0,0001
2003-10-01 06:00:00,4.2396517,25.542654,-1.3651375e+06,5.520739e+07,-0.0041196137,0,0001
2003-11-01 00:00:00,4.223962,25.338669,-1.3716046e+06,5.477666e+07,-0.004039257,0,0001
2003-11-01 06:00:00,4.2237372,25.33493,-1.3716572e+06,5.477316e+07,-0.0040386035,0,0001
2003-12-01 00:00:00,4.1970134,24.889952,-1.3848389e+06,5.4190984e+07,-0.0041837767,0,0001
2003-12-01 06:00:00,4.1935887,24.891369,-1.3849496e+06,5.4186092e+07,-0.0041849967,0,0001
2004-01-01 00:00:00,3.7723725,25.06561,-1.4822874e+06,5.4727784e+07,-0.0040154224,0,0001
2004-01-01 06:00:00,3.7691796,25.069714,-1.4830788e+06,5.4732188e+07,-0.0040140436,0,0001
2004-02-01 00:00:00,3.3764558,25.5744,-1.6066498e+06,5.5881264e+07,-0.004034702,0,0001
2004-02-01 06:00:00,3.3768878,25.583736,-1.6076544e+06,5.589061e+07,-0.0040348703,0,0001
2004-03-01 00:00:00,3.426581,26.657494,-1.7445305e+06,5.6796692e+07,-0.004019836,0,0001
2004-03-01 06:00:00,3.428114,26.662256,-1.7457208e+06,5.6804572e+07,-0.004019705,0,0001
2004-04-01 00:00:00,3.6166694,27.24813,-1.8589585e+06,5.6518852e+07,-0.0039517237,0,0001
2004-04-01 06:00:00,3.6273942,27.247307,-1.8598791e+06,5.651653e+07,-0.003951171,0,0001
2004-05-01 00:00:00,4.9036436,27.149263,-1.7625141e+06,5.4249852e+07,-0.0048053167,0,0001
2004-05-01 06:00:00,4.915365,27.14283,-1.7616959e+06,5.4230804e+07,-0.0048124944,0,0001
2004-06-01 00:00:00,6.3570995,26.351477,-1.6414231e+06,5.2585164e+07,-0.0052760327,0,0001
2004-06-01 06:00:00,6.358737,26.34549,-1.6404452e+06,5.2571784e+07,-0.0052798013,0,0001
2004-07-01 00:00:00,6.5536,25.632992,-1.522793e+06,5.1993024e+07,-0.004954558,0,0001
2004-07-01 06:00:00,6.555568,25.631603,-1.5218044e+06,5.198816e+07,-0.004951825,0,0001
2004-08-01 00:00:00,6.7976933,25.46075,-1.4025631e+06,5.3034324e+07,-0.0049369987,0,0001
2004-08-01 06:00:00,6.7846985,25.460344,-1.4015936e+06,5.3042828e+07,-0.004936878,0,0001
2004-09-01 00:00:00,5.186352,25.41031,-1.4552212e+06,5.4291212e+07,-0.0043159313,0,0001
2004-09-01 06:00:00,5.1742992,25.410532,-1.4556572e+06,5.430136e+07,-0.004310883,0,0001
2004-10-01 00:00:00,3.7400403,25.436954,-1.3507684e+06,5.5255496e+07,-0.003999927,0,0001
2004-10-01 06:00:00,3.7440267,25.435461,-1.349887e+06,5.526351e+07,-0.003997314,0,0001
2004-11-01 00:00:00,4.234338,25.251833,-1.3575314e+06,5.4478144e+07,-0.0039602616,0,0001
2004-11-01 06:00:00,4.2315516,25.248966,-1.3575935e+06,5.447176e+07,-0.0039599603,0,0001
2004-12-01 00:00:00,3.9000146,24.907764,-1.3687854e+06,5.419199e+07,-0.004036612,0,0001
2004-12-01 06:00:00,3.9024954,24.90753,-1.3688794e+06,5.418964e+07,-0.004037256,0,0001
2005-01-01 00:00:00,4.2076197,24.878605,-1.5142195e+06,5.4547444e+07,-0.004193071,0,0001
2005-01-01 06:00:00,4.2033305,24.885458,-1.5154011e+06,5.455035e+07,-0.0041943374,0,0001
2005-02-01 00:00:00,3.6757858,25.728436,-1.6151746e+06,5.5968024e+07,-0.0039343545,0,0001
2005-02-01 06:00:00,3.6676168,25.737513,-1.6159858e+06,5.5979548e+07,-0.003932241,0,0001
2005-03-01 00:00:00,2.7608767,26.745073,-1.7276935e+06,5.6955296e+07,-0.0037240381,0,0001
2005-03-01 06:00:00,2.7625303,26.749662,-1.7286999e+06,5.696409e+07,-0.0037221625,0,0001
2005-04-01 00:00:00,2.9659286,27.31414,-1.7855758e+06,5.6593652e+07,-0.003940656,0,0001
2005-04-01 06:00:00,2.9769175,27.314423,-1.7860381e+06,5.659064e+07,-0.0039424323,0,0001
2005-05-01 00:00:00,4.2845984,27.348068,-1.9233925e+06,5.483327e+07,-0.0045826165,0,0001
2005-05-01 06:00:00,4.301278,27.343088,-1.9245468e+06,5.4818504e+07,-0.0045879963,0,0001
2005-06-01 00:00:00,6.3528934,26.730507,-1.7874999e+06,5.2627212e+07,-0.0053682975,0,0001
2005-06-01 06:00:00,6.3548665,26.72342,-1.7863856e+06,5.2609396e+07,-0.005374641,0,0001
2005-07-01 00:00:00,6.5896535,25.880081,-1.4296322e+06,5.2061056e+07,-0.0051427153,0,0001
2005-07-01 06:00:00,6.5876355,25.877668,-1.4266344e+06,5.205645e+07,-0.0051407665,0,0001
2005-08-01 00:00:00,6.3394017,25.58095,-1.4488758e+06,5.3245484e+07,-0.004910658,0,0001
2005-08-01 06:00:00,6.334145,25.580812,-1.4490566e+06,5.325515e+07,-0.004908787,0,0001
2005-09-01 00:00:00,5.687557,25.563885,-1.4336538e+06,5.4425484e+07,-0.0046100877,0,0001
2005-09-01 06:00:00,5.6760883,25.56168,-1.4335285e+06,5.4435e+07,-0.0046076593,0,0001
2005-10-01 00:00:00,4.3113194,25.299267,-1.3968316e+06,5.4625624e+07,-0.0041897944,0,0001
2005-10-01 06:00:00,4.309094,25.297981,-1.3965232e+06,5.4627224e+07,-0.004186283,0,0001
2005-11-01 00:00:00,4.035344,25.139938,-1.3319928e+06,5.456472e+07,-0.0041337726,0,0001
2005-11-01 06:00:00,4.0375786,25.136257,-1.3314681e+06,5.4564212e+07,-0.0041333456,0,0001
2005-12-01 00:00:00,4.3034916,24.6982,-1.3156828e+06,5.3936388e+07,-0.00425392,0,0001
2005-12-01 06:00:00,4.3029456,24.697878,-1.3155501e+06,5.393111e+07,-0.0042549334,0,0001
2006-01-01 00:00:00,4.2357807,24.658182,-1.4977126e+06,5.455158e+07,-0.0042368397,0,0001
2006-01-01 06:00:00,4.233114,24.665915,-1.4991936e+06,5.4556624e+07,-0.0042366926,0,0001
2006-02-01 00:00:00,3.9050672,25.616966,-1.5210336e+06,5.5820204e+07,-0.003818128,0,0001
2006-02-01 06:00:00,3.900917,25.62344,-1.5212111e+06,5.5830476e+07,-0.003814725,0,0001
2006-03-01 00:00:00,3.4402592,26.342,-1.7131618e+06,5.6803656e+07,-0.0039342484,0,0001
2006-03-01 06:00:00,3.4433026,26.347004,-1.714891e+06,5.6812424e+07,-0.003935325,0,0001
2006-04-01 00:00:00,3.8176444,26.962677,-1.8247146e+06,5.6481028e+07,-0.0041761035,0,0001
2006-04-01 06:00:00,3.822042,26.964472,-1.8256075e+06,5.6478332e+07,-0.004178061,0,0001
2006-05-01 00:00:00,4.3453674,27.178072,-1.7431974e+06,5.496314e+07,-0.004520586,0,0001
2006-05-01 06:00:00,4.3586907,27.17376,-1.7425049e+06,5.495041e+07,-0.0045234645,0,0001
2006-06-01 00:00:00,5.9974294,26.643314,-1.56656e+06,5.2786532e+07,-0.0048827156,0,0001
2006-06-01 06:00:00,6.004514,26.637043,-1.5651295e+06,5.276894e+07,-0.0048856363,0,0001
2006-07-01 00:00:00,6.8476157,25.890638,-1.3384601e+06,5.2299576e+07,-0.0049008178,0,0001
2006-07-01 06:00:00,6.8417726,25.88866,-1.3365554e+06,5.229563e+07,-0.0049009454,0,0001
2006-08-01 00:00:00,6.1230617,25.645372,-1.257414e+06,5.332894e+07,-0.0045531476,0,0001
2006-08-01 06:00:00,6.1193066,25.644814,-1.2567706e+06,5.333734e+07,-0.00455032,0,0001
2006-09-01 00:00:00,5.657459,25.57596,-1.404663e+06,5.44925e+07,-0.004501535,0,0001
2006-09-01 06:00:00,5.6456623,25.576717,-1.4058654e+06,5.4501892e+07,-0.0045011383,0,0001
2006-10-01 00:00:00,4.2418776,25.666752,-1.3807491e+06,5.561766e+07,-0.0040928572,0,0001
2006-10-01 06:00:00,4.2401824,25.665289,-1.3805381e+06,5.5627036e+07,-0.0040894262,0,0001
2006-11-01 00:00:00,4.031669,25.485271,-1.3247774e+06,5.495334e+07,-0.003852641,0,0001
2006-11-01 06:00:00,4.035741,25.481438,-1.324324e+06,5.4947864e+07,-0.003850716,0,0001
2006-12-01 00:00:00,4.520301,25.025185,-1.3640629e+06,5.3896364e+07,-0.0042415503,0,0001
2006-12-01 06:00:00,4.518737,25.02418,-1.3643969e+06,5.388753e+07,-0.0042448347,0,0001
2007-01-01 00:00:00,4.326334,24.900652,-1.4702411e+06,5.452839e+07,-0.0042800303,0,0001
2007-01-01 06:00:00,4.322324,24.908373,-1.4711016e+06,5.4533604e+07,-0.004280316,0,0001
2007-02-01 00:00:00,3.8290668,25.858013,-1.4747348e+06,5.569987e+07,-0.004039711,0,0001
2007-02-01 06:00:00,3.825999,25.863144,-1.4747642e+06,5.570935e+07,-0.0040377546,0,0001
2007-03-01 00:00:00,3.4854753,26.432701,-1.7459418e+06,5.685609e+07,-0.004076318,0,0001
2007-03-01 06:00:00,3.4869444,26.43888,-1.7483848e+06,5.686642e+07,-0.0040766653,0,0001
2007-04-01 00:00:00,3.6676385,27.19902,-1.7899679e+06,5.639505e+07,-0.003994416,0,0001
2007-04-01 06:00:00,3.6773705,27.200556,-1.790306e+06,5.6391216e+07,-0.0039937473,0,0001
2007-05-01 00:00:00,4.835485,27.38327,-1.7478814e+06,5.501966e+07,-0.0045163687,0,0001
2007-05-01 06:00:00,4.8413973,27.378305,-1.7475249e+06,5.5008136e+07,-0.0045207604,0,0001
2007-06-01 00:00:00,5.568607,26.767551,-1.5840965e+06,5.2391812e+07,-0.0052211196,0,0001
2007-06-01 06:00:00,5.5753593,26.761204,-1.5827679e+06,5.237054e+07,-0.0052268137,0,0001
2007-07-01 00:00:00,6.3789225,26.005768,-1.4102951e+06,5.2105216e+07,-0.005003131,0,0001
2007-07-01 06:00:00,6.377683,26.004353,-1.4088458e+06,5.2102988e+07,-0.005001251,0,0001
2007-08-01 00:00:00,6.2252703,25.83023,-1.3263524e+06,5.329024e+07,-0.0047387104,0,0001
2007-08-01 06:00:00,6.222106,25.82928,-1.3256818e+06,5.3299892e+07,-0.0047365758,0,0001
2007-09-01 00:00:00,5.832872,25.712557,-1.3466728e+06,5.4378532e+07,-0.0046233,0,0001
2007-09-01 06:00:00,5.8196,25.70999,-1.3468434e+06,5.43873e+07,-0.004622379,0,0001
2007-10-01 00:00:00,4.2402496,25.404446,-1.3810366e+06,5.483745e+07,-0.0042847972,0,0001
2007-10-01 06:00:00,4.237029,25.403172,-1.381324e+06,5.484123e+07,-0.0042819604,0,0001
2007-11-01 00:00:00,3.8408773,25.24649,-1.278098e+06,5.4808316e+07,-0.00399527,0,0001
2007-11-01 06:00:00,3.8440964,25.24398,-1.2772588e+06,5.480805e+07,-0.0039929394,0,0001
2007-12-01 00:00:00,4.2271776,24.94531,-1.3947739e+06,5.3660484e+07,-0.0042447723,0,0001
2007-12-01 06:00:00,4.2249494,24.944183,-1.3957614e+06,5.365084e+07,-0.0042468887,0,0001
2008-01-01 00:00:00,3.950901,24.80549,-1.4678602e+06,5.458982e+07,-0.0040687337,0,0001
2008-01-01 06:00:00,3.9548652,24.8062,-1.4684464e+06,5.4597452e+07,-0.0040672855,0,0001
2008-02-01 00:00:00,4.44247,24.893385,-1.6701916e+06,5.4904516e+07,-0.004596513,0,0001
2008-02-01 06:00:00,4.4329295,24.902748,-1.6718319e+06,5.4907012e+07,-0.004600816,0,0001
2008-03-01 00:00:00,3.3357487,25.979462,-1.5864469e+06,5.6079056e+07,-0.0037624883,0,0001
2008-03-01 06:00:00,3.3374915,25.986328,-1.5857044e+06,5.608925e+07,-0.0037551986,0,0001
2008-04-01 00:00:00,3.5518618,26.830898,-1.7871534e+06,5.6193976e+07,-0.004026431,0,0001
2008-04-01 06:00:00,3.562883,26.832132,-1.7887911e+06,5.6194828e+07,-0.0040286365,0,0001
2008-05-01 00:00:00,4.8744035,26.979088,-1.74494e+06,5.4990784e+07,-0.0042845164,0,0001
2008-05-01 06:00:00,4.883949,26.973957,-1.7445715e+06,5.4980668e+07,-0.004286667,0,0001
2008-06-01 00:00:00,6.0580344,26.342773,-1.5370168e+06,5.2365976e+07,-0.0050152224,0,0001
2008-06-01 06:00:00,6.0620685,26.338417,-1.5353294e+06,5.234472e+07,-0.0050211456,0,0001
2008-07-01 00:00:00,6.542127,25.82002,-1.4580926e+06,5.1839876e+07,-0.005034704,0,0001
2008-07-01 06:00:00,6.537519,25.818481,-1.4574436e+06,5.183563e+07,-0.0050348183,0,0001
2008-08-01 00:00:00,5.9707127,25.629189,-1.2133794e+06,5.325308e+07,-0.0042547546,0,0001
2008-08-01 06:00:00,5.9649158,25.630108,-1.2113951e+06,5.3264604e+07,-0.004248413,0,0001
2008-09-01 00:00:00,5.2519054,25.74308,-1.366772e+06,5.4708864e+07,-0.004350826,0,0001
2008-09-01 06:00:00,5.2424054,25.743244,-1.3680352e+06,5.4720604e+07,-0.0043516587,0,0001
2008-10-01 00:00:00,4.11191,25.762877,-1.3272289e+06,5.511992e+07,-0.0040853005,0,0001
2008-10-01 06:00:00,4.112917,25.759321,-1.326886e+06,5.5123276e+07,-0.004083062,0,0001
2008-11-01 00:00:00,4.2367787,25.321959,-1.3396068e+06,5.453973e+07,-0.0043058554,0,0001
2008-11-01 06:00:00,4.2347875,25.317389,-1.3397101e+06,5.4534984e+07,-0.004307667,0,0001
2008-12-01 00:00:00,3.9978104,24.773462,-1.365154e+06,5.4128524e+07,-0.004069812,0,0001
2008-12-01 06:00:00,3.9966578,24.774632,-1.3653679e+06,5.4125108e+07,-0.0040678135,0,0001
2009-01-01 00:00:00,3.85491,24.918476,-1.4265158e+06,5.4631612e+07,-0.004099988,0,0001
2009-01-01 06:00:00,3.85313,24.924889,-1.4270129e+06,5.463573e+07,-0.0041002496,0,0001
2009-02-01 00:00:00,3.6342032,25.713678,-1.593378e+06,5.6081584e+07,-0.003979007,0,0001
2009-02-01 06:00:00,3.6308134,25.720772,-1.5947306e+06,5.609334e+07,-0.003978021,0,0001
2009-03-01 00:00:00,3.2545502,26.508177,-1.6837428e+06,5.686912e+07,-0.0038194684,0,0001
2009-03-01 06:00:00,3.2565577,26.51423,-1.6845446e+06,5.6876108e+07,-0.00381804,0,0001
2009-04-01 00:00:00,3.5034895,27.258825,-1.7542148e+06,5.6302828e+07,-0.004097996,0,0001
2009-04-01 06:00:00,3.512215,27.259573,-1.7547811e+06,5.629817e+07,-0.004100272,0,0001
2009-05-01 00:00:00,4.550527,27.348516,-1.8167562e+06,5.4968896e+07,-0.0045364327,0,0001
2009-05-01 06:00:00,4.5599704,27.344633,-1.817277e+06,5.4957724e+07,-0.004540098,0,0001
2009-06-01 00:00:00,5.72149,26.866993,-1.6964411e+06,5.32518e+07,-0.0050513986,0,0001
2009-06-01 06:00:00,5.729992,26.860252,-1.6954588e+06,5.3237932e+07,-0.0050555556,0,0001
2009-07-01 00:00:00,6.741717,26.058147,-1.4346852e+06,5.2052548e+07,-0.0053150244,0,0001
2009-07-01 06:00:00,6.7363296,26.055788,-1.4324939e+06,5.2042588e+07,-0.0053172046,0,0001
2009-08-01 00:00:00,6.073688,25.765686,-1.4947849e+06,5.3265876e+07,-0.004878912,0,0001
2009-08-01 06:00:00,6.0701923,25.765911,-1.4952912e+06,5.327582e+07,-0.004875349,0,0001
2009-09-01 00:00:00,5.640209,25.7937,-1.4200638e+06,5.4804796e+07,-0.00460815,0,0001
2009-09-01 06:00:00,5.6257496,25.79379,-1.4194521e+06,5.4817228e+07,-0.004605978,0,0001
2009-10-01 00:00:00,3.9050553,25.804773,-1.3220471e+06,5.5637304e+07,-0.0040588253,0,0001
2009-10-01 06:00:00,3.9043128,25.802834,-1.3212286e+06,5.5644196e+07,-0.0040542274,0,0001
2009-11-01 00:00:00,3.8129964,25.564173,-1.3214618e+06,5.46163e+07,-0.0040506455,0,0001
2009-11-01 06:00:00,3.81456,25.562075,-1.3214636e+06,5.4607944e+07,-0.004050616,0,0001
2009-12-01 00:00:00,4.0006213,25.312473,-1.3706689e+06,5.4297724e+07,-0.0040771617,0,0001
2009-12-01 06:00:00,3.9992692,25.31144,-1.3710824e+06,5.4295116e+07,-0.0040773847,0,0001
2010-01-01 00:00:00,3.832971,25.184177,-1.3898782e+06,5.478115e+07,-0.003995704,0,0001
2010-01-01 06:00:00,3.829714,25.191246,-1.3900311e+06,5.4785104e+07,-0.00399504,0,0001
2010-02-01 00:00:00,3.4290955,26.060625,-1.5062869e+06,5.6214856e+07,-0.0037693754,0,0001
2010-02-01 06:00:00,3.4266515,26.069626,-1.507232e+06,5.622648e+07,-0.0037675407,0,0001
2010-03-01 00:00:00,3.1553533,27.06866,-1.6970541e+06,5.703455e+07,-0.0038490393,0,0001
2010-03-01 06:00:00,3.15919,27.074486,-1.6987642e+06,5.704183e+07,-0.0038497734,0,0001
2010-04-01 00:00:00,3.6311092,27.790983,-1.8759988e+06,5.706357e+07,-0.00415369,0,0001
2010-04-01 06:00:00,3.6417859,27.790659,-1.8774396e+06,5.7063744e+07,-0.0041561606,0,0001
2010-05-01 00:00:00,4.9123125,27.752184,-1.936738e+06,5.4922536e+07,-0.004855642,0,0001
2010-05-01 06:00:00,4.9211316,27.746141,-1.9372362e+06,5.4904544e+07,-0.00486152,0,0001
2010-06-01 00:00:00,6.005908,27.002974,-1.633868e+06,5.2801044e+07,-0.0051085358,0,0001
2010-06-01 06:00:00,6.0068474,26.996052,-1.6314016e+06,5.2783944e+07,-0.005110544,0,0001
2010-07-01 00:00:00,6.1186037,26.172434,-1.3509898e+06,5.203951e+07,-0.0047535235,0,0001
2010-07-01 06:00:00,6.1189847,26.170042,-1.3486334e+06,5.2033256e+07,-0.0047505233,0,0001
2010-08-01 00:00:00,6.165846,25.875895,-1.3700544e+06,5.3027156e+07,-0.004750452,0,0001
2010-08-01 06:00:00,6.156899,25.875292,-1.3702285e+06,5.3035236e+07,-0.0047504515,0,0001
2010-09-01 00:00:00,5.0564322,25.801125,-1.3052216e+06,5.443858e+07,-0.0043285224,0,0001
2010-09-01 06:00:00,5.0515094,25.801683,-1.3046931e+06,5.4449988e+07,-0.004325092,0,0001
2010-10-01 00:00:00,4.46568,25.868221,-1.2770409e+06,5.511154e+07,-0.0041853203,0,0001
2010-10-01 06:00:00,4.4633946,25.86449,-1.2768085e+06,5.51171e+07,-0.004184146,0,0001
2010-11-01 00:00:00,4.1822805,25.405521,-1.3219576e+06,5.450703e+07,-0.004152934,0,0001
2010-11-01 06:00:00,4.180643,25.39995,-1.3223248e+06,5.450207e+07,-0.0041526803,0,0001
2010-12-01 00:00:00,3.9857605,24.736938,-1.332467e+06,5.397002e+07,-0.0042134523,0,0001
2010-12-01 06:00:00,3.988037,24.736074,-1.3325522e+06,5.3965548e+07,-0.004213963,0,0001
2011-01-01 00:00:00,4.268065,24.6297,-1.417846e+06,5.430197e+07,-0.004131155,0,0001
2011-01-01 06:00:00,4.263246,24.635513,-1.4185395e+06,5.4304704e+07,-0.0041304817,0,0001
2011-02-01 00:00:00,3.6704948,25.350605,-1.4755759e+06,5.5665124e+07,-0.0038914208,0,0001
2011-02-01 06:00:00,3.669624,25.357603,-1.4760396e+06,5.5676184e+07,-0.003889477,0,0001
2011-03-01 00:00:00,3.5729854,26.134314,-1.6456081e+06,5.6406468e+07,-0.0038745832,0,0001
2011-03-01 06:00:00,3.573413,26.14025,-1.6471358e+06,5.641305e+07,-0.003874449,0,0001
2011-04-01 00:00:00,3.6260045,26.870293,-1.7347626e+06,5.6484616e+07,-0.0039935056,0,0001
2011-04-01 06:00:00,3.6344023,26.872665,-1.735475e+06,5.6485196e+07,-0.0039944737,0,0001
2011-05-01 00:00:00,4.633746,27.154911,-1.6575032e+06,5.5074196e+07,-0.0043667615,0,0001
2011-05-01 06:00:00,4.644504,27.15109,-1.656848e+06,5.506234e+07,-0.00436989,0,0001
2011-06-01 00:00:00,5.967728,26.681189,-1.4492954e+06,5.286452e+07,-0.0049298275,0,0001
2011-06-01 06:00:00,5.9676957,26.67584,-1.447608e+06,5.2846652e+07,-0.00493438,0,0001
2011-07-01 00:00:00,5.9638515,26.039373,-1.3449845e+06,5.2294644e+07,-0.004918342,0,0001
2011-07-01 06:00:00,5.964881,26.037268,-1.3441221e+06,5.2290004e+07,-0.0049182074,0,0001
2011-08-01 00:00:00,6.091516,25.77824,-1.3155764e+06,5.3067724e+07,-0.0046925,0,0001
2011-08-01 06:00:00,6.089037,25.778402,-1.3153442e+06,5.307405e+07,-0.004690665,0,0001
2011-09-01 00:00:00,5.784133,25.798414,-1.2737194e+06,5.458278e+07,-0.0043987734,0,0001
2011-09-01 06:00:00,5.764352,25.797718,-1.273381e+06,5.459505e+07,-0.0043964004,0,0001
2011-10-01 00:00:00,3.4104133,25.714922,-1.3152192e+06,5.5383216e+07,-0.00392887,0,0001
2011-10-01 06:00:00,3.4125152,25.713924,-1.3155709e+06,5.538984e+07,-0.003924941,0,0001
2011-11-01 00:00:00,3.671045,25.591232,-1.3218988e+06,5.4916696e+07,-0.003968191,0,0001
2011-11-01 06:00:00,3.6758354,25.586544,-1.3219502e+06,5.491285e+07,-0.0039685424,0,0001
2011-12-01 00:00:00,4.2458763,25.028606,-1.4064325e+06,5.3837036e+07,-0.0042594904,0,0001
2011-12-01 06:00:00,4.2446914,25.027758,-1.4071424e+06,5.3827996e+07,-0.004261935,0,0001
2012-01-01 00:00:00,4.098973,24.923332,-1.4275595e+06,5.4434576e+07,-0.0043002167,0,0001
2012-01-01 06:00:00,4.09748,24.92778,-1.4277255e+06,5.4439508e+07,-0.0043005277,0,0001
2012-02-01 00:00:00,3.9138155,25.474766,-1.5851091e+06,5.5619028e+07,-0.0040335488,0,0001
2012-02-01 06:00:00,3.9114676,25.481094,-1.5863886e+06,5.5628616e+07,-0.0040313783,0,0001
2012-03-01 00:00:00,3.6414602,26.208805,-1.7575418e+06,5.655691e+07,-0.003967962,0,0001
2012-03-01 06:00:00,3.6395583,26.216482,-1.75903e+06,5.6564984e+07,-0.003967411,0,0001
2012-04-01 00:00:00,3.4056385,27.160776,-1.8172561e+06,5.6425396e+07,-0.0039356276,0,0001
2012-04-01 06:00:00,3.4165227,27.162794,-1.8177295e+06,5.642426e+07,-0.003935369,0,0001
2012-05-01 00:00:00,4.711741,27.403,-1.8657682e+06,5.5066756e+07,-0.0045686974,0,0001
2012-05-01 06:00:00,4.7234287,27.397774,-1.866172e+06,5.5055348e+07,-0.0045740195,0,0001
2012-06-01 00:00:00,6.161016,26.75498,-1.6360035e+06,5.2917276e+07,-0.0051644375,0,0001
2012-06-01 06:00:00,6.1636624,26.749428,-1.6341322e+06,5.2899892e+07,-0.0051692375,0,0001
2012-07-01 00:00:00,6.4786015,26.088606,-1.3211686e+06,5.226277e+07,-0.004716156,0,0001
2012-07-01 06:00:00,6.476832,26.087383,-1.3185386e+06,5.2257416e+07,-0.004712349,0,0001
2012-08-01 00:00:00,6.2591653,25.93699,-1.3077998e+06,5.3395296e+07,-0.0046356884,0,0001
2012-08-01 06:00:00,6.2532325,25.935965,-1.3077125e+06,5.3404548e+07,-0.0046350653,0,0001
2012-09-01 00:00:00,5.5235195,25.809704,-1.3653974e+06,5.458695e+07,-0.004586789,0,0001
2012-09-01 06:00:00,5.5095706,25.809095,-1.3658664e+06,5.4596564e+07,-0.0045863963,0,0001
2012-10-01 00:00:00,3.8496222,25.73662,-1.3402859e+06,5.533112e+07,-0.0041254573,0,0001
2012-10-01 06:00:00,3.849234,25.735653,-1.3400709e+06,5.5337292e+07,-0.004121584,0,0001
2012-11-01 00:00:00,3.8014877,25.616684,-1.2655856e+06,5.47142e+07,-0.004029173,0,0001
2012-11-01 06:00:00,3.8032646,25.6145,-1.26498e+06,5.4709136e+07,-0.004028422,0,0001
2012-12-01 00:00:00,4.014711,25.354532,-1.3341206e+06,5.4157136e+07,-0.0040766466,0,0001
2012-12-01 06:00:00,4.0169344,25.352612,-1.3347016e+06,5.4152496e+07,-0.0040770518,0,0001
2013-01-01 00:00:00,4.2904124,25.11643,-1.488403e+06,5.4719216e+07,-0.0044132597,0,0001
2013-01-01 06:00:00,4.2843165,25.121351,-1.4896526e+06,5.4723824e+07,-0.004415993,0,0001
2013-02-01 00:00:00,3.5344956,25.72665,-1.5642288e+06,5.56621e+07,-0.004033963,0,0001
2013-02-01 06:00:00,3.5326548,25.735008,-1.564835e+06,5.566973e+07,-0.0040308572,0,0001
2013-03-01 00:00:00,3.3283226,26.662722,-1.7157309e+06,5.6917948e+07,-0.0039874315,0,0001
2013-03-01 06:00:00,3.3287685,26.66767,-1.7170902e+06,5.692919e+07,-0.0039870404,0,0001
2013-04-01 00:00:00,3.3835955,27.276165,-1.816036e+06,5.641357e+07,-0.0040438594,0,0001
2013-04-01 06:00:00,3.397494,27.276117,-1.8168405e+06,5.6409376e+07,-0.0040443214,0,0001
2013-05-01 00:00:00,5.0514345,27.27049,-1.8632784e+06,5.452437e+07,-0.004820307,0,0001
2013-05-01 06:00:00,5.062339,27.263239,-1.8636686e+06,5.450853e+07,-0.004826828,0,0001
2013-06-01 00:00:00,6.403541,26.37125,-1.4622719e+06,5.241483e+07,-0.0051968223,0,0001
2013-06-01 06:00:00,6.4044604,26.366837,-1.4590085e+06,5.2397812e+07,-0.0051998305,0,0001
2013-07-01 00:00:00,6.513841,25.841694,-1.1830349e+06,5.1784096e+07,-0.004704629,0,0001
2013-07-01 06:00:00,6.5105653,25.83953,-1.1807158e+06,5.177894e+07,-0.004700468,0,0001
2013-08-01 00:00:00,6.1076546,25.57343,-1.3017889e+06,5.3105764e+07,-0.004533995,0,0001
2013-08-01 06:00:00,6.1010275,25.574873,-1.3027732e+06,5.311655e+07,-0.0045326417,0,0001
2013-09-01 00:00:00,5.2858872,25.752436,-1.2984588e+06,5.454954e+07,-0.004304865,0,0001
2013-09-01 06:00:00,5.2768493,25.751951,-1.2984236e+06,5.456119e+07,-0.004303013,0,0001
2013-10-01 00:00:00,4.201329,25.694412,-1.2690155e+06,5.538314e+07,-0.0041728346,0,0001
2013-10-01 06:00:00,4.197723,25.693512,-1.2687684e+06,5.539005e+07,-0.0041717407,0,0001
2013-11-01 00:00:00,3.7541213,25.582823,-1.2731196e+06,5.5095604e+07,-0.0040419893,0,0001
2013-11-01 06:00:00,3.756686,25.577686,-1.273155e+06,5.5093212e+07,-0.0040409346,0,0001
2013-12-01 00:00:00,4.0618896,24.966553,-1.4062056e+06,5.3788256e+07,-0.004495197,0,0001
2013-12-01 06:00:00,4.0625687,24.96531,-1.4073238e+06,5.377729e+07,-0.0044990145,0,0001
2014-01-01 00:00:00,4.1460786,24.812431,-1.5129271e+06,5.4612944e+07,-0.0042832945,0,0001
2014-01-01 06:00:00,4.1429176,24.817146,-1.5137858e+06,5.4619736e+07,-0.004281541,0,0001
2014-02-01 00:00:00,3.7541313,25.397192,-1.6148761e+06,5.5680252e+07,-0.004203222,0,0001
2014-02-01 06:00:00,3.7504966,25.406956,-1.615698e+06,5.5688876e+07,-0.0042025857,0,0001
2014-03-01 00:00:00,3.3470395,26.490728,-1.7161772e+06,5.674314e+07,-0.0038324567,0,0001
2014-03-01 06:00:00,3.3463159,26.497702,-1.7170825e+06,5.6752636e+07,-0.003829122,0,0001
2014-04-01 00:00:00,3.257324,27.355412,-1.8817664e+06,5.6805724e+07,-0.0040389765,0,0001
2014-04-01 06:00:00,3.265062,27.35624,-1.8831052e+06,5.6806156e+07,-0.0040406827,0,0001
2014-05-01 00:00:00,4.1858892,27.45478,-1.8434592e+06,5.4950364e+07,-0.0044787275,0,0001
2014-05-01 06:00:00,4.200865,27.451399,-1.8431261e+06,5.493477e+07,-0.0044824085,0,0001
2014-06-01 00:00:00,6.0428567,27.035559,-1.6027771e+06,5.313395e+07,-0.0048801703,0,0001
2014-06-01 06:00:00,6.048724,27.028442,-1.6008231e+06,5.311931e+07,-0.0048834044,0,0001
2014-07-01 00:00:00,6.7469325,26.18156,-1.3761909e+06,5.230696e+07,-0.0050665615,0,0001
2014-07-01 06:00:00,6.738003,26.178707,-1.3743032e+06,5.2300132e+07,-0.0050681005,0,0001
2014-08-01 00:00:00,5.6396413,25.82769,-1.2547495e+06,5.326162e+07,-0.004345427,0,0001
2014-08-01 06:00:00,5.635653,25.827436,-1.2537775e+06,5.3269436e+07,-0.0043395516,0,0001
2014-09-01 00:00:00,5.1450996,25.796288,-1.3889681e+06,5.470802e+07,-0.004488372,0,0001
2014-09-01 06:00:00,5.134303,25.797564,-1.3900672e+06,5.4719716e+07,-0.0044895816,0,0001
2014-10-01 00:00:00,3.8495271,25.949362,-1.3338516e+06,5.5532252e+07,-0.004012826,0,0001
2014-10-01 06:00:00,3.8491578,25.94727,-1.3333792e+06,5.553908e+07,-0.0040088193,0,0001
2014-11-01 00:00:00,3.8037395,25.689886,-1.3255244e+06,5.4775104e+07,-0.0040406105,0,0001
2014-11-01 06:00:00,3.807395,25.68571,-1.3254605e+06,5.4768892e+07,-0.004040869,0,0001
2014-12-01 00:00:00,4.242398,25.1889,-1.3796096e+06,5.4092624e+07,-0.0041982923,0,0001
2014-12-01 06:00:00,4.2389026,25.186964,-1.3800646e+06,5.408694e+07,-0.004199615,0,0001
2015-01-01 00:00:00,3.8090055,24.94892,-1.3940508e+06,5.4391456e+07,-0.004292749,0,0001
2015-01-01 06:00:00,3.8058558,24.954004,-1.3941645e+06,5.4393932e+07,-0.004293506,0,0001
2015-02-01 00:00:00,3.418443,25.579365,-1.5333439e+06,5.5613532e+07,-0.0039655347,0,0001
2015-02-01 06:00:00,3.4137976,25.588457,-1.5344754e+06,5.562345e+07,-0.0039628684,0,0001
2015-03-01 00:00:00,2.8981602,26.597618,-1.6985534e+06,5.7109532e+07,-0.0037925574,0,0001
2015-03-01 06:00:00,2.8983772,26.603289,-1.7000315e+06,5.712292e+07,-0.003791023,0,0001
2015-04-01 00:00:00,2.9250777,27.300806,-1.7450816e+06,5.654323e+07,-0.0038419939,0,0001
2015-04-01 06:00:00,2.9393137,27.303703,-1.7454479e+06,5.653852e+07,-0.0038424083,0,0001
2015-05-01 00:00:00,4.6334023,27.648495,-1.8549105e+06,5.5308536e+07,-0.004457923,0,0001
2015-05-01 06:00:00,4.6403766,27.644083,-1.8558304e+06,5.52982e+07,-0.0044630957,0,0001
2015-06-01 00:00:00,5.498187,27.101467,-1.4758608e+06,5.3057972e+07,-0.0047020307,0,0001
2015-06-01 06:00:00,5.505394,27.095192,-1.4727716e+06,5.303976e+07,-0.0047039734,0,0001
2015-07-01 00:00:00,6.3629932,26.348434,-1.4105654e+06,5.2769476e+07,-0.004817133,0,0001
2015-07-01 06:00:00,6.36075,26.34642,-1.4100426e+06,5.2767204e+07,-0.0048180837,0,0001
2015-08-01 00:00:00,6.084875,26.098707,-1.3720551e+06,5.3645216e+07,-0.0047475128,0,0001
2015-08-01 06:00:00,6.0775533,26.098917,-1.3717462e+06,5.3652356e+07,-0.004746939,0,0001
2015-09-01 00:00:00,5.176983,26.124683,-1.4077339e+06,5.4978364e+07,-0.004441895,0,0001
2015-09-01 06:00:00,5.1652164,26.125917,-1.4080265e+06,5.4989144e+07,-0.004439415,0,0001
2015-10-01 00:00:00,3.7650244,26.272858,-1.3207484e+06,5.5928336e+07,-0.0038923237,0,0001
2015-10-01 06:00:00,3.7647123,26.270426,-1.320015e+06,5.5936228e+07,-0.0038877262,0,0001
2015-11-01 00:00:00,3.7263343,25.9713,-1.2882118e+06,5.505806e+07,-0.0040125614,0,0001
2015-11-01 06:00:00,3.7270186,25.968315,-1.2879531e+06,5.505092e+07,-0.0040135765,0,0001
2015-12-01 00:00:00,3.808452,25.61319,-1.322706e+06,5.4551052e+07,-0.004092148,0,0001
2015-12-01 06:00:00,3.8078306,25.613184,-1.322998e+06,5.4546852e+07,-0.0040928083,0,0001
2016-01-01 00:00:00,3.731411,25.612545,-1.3894052e+06,5.4687108e+07,-0.0040981765,0,0001
2016-01-01 06:00:00,3.7309783,25.616112,-1.3899451e+06,5.468825e+07,-0.0040982203,0,0001
2016-02-01 00:00:00,3.6777463,26.054916,-1.5155582e+06,5.5792536e+07,-0.004140146,0,0001
2016-02-01 06:00:00,3.67299,26.066004,-1.5165795e+06,5.580151e+07,-0.004140487,0,0001
2016-03-01 00:00:00,3.126031,27.341106,-1.7051931e+06,5.7455116e+07,-0.0037860293,0,0001
2016-03-01 06:00:00,3.1282935,27.346285,-1.7068332e+06,5.7469496e+07,-0.003782947,0,0001
2016-04-01 00:00:00,3.406593,27.983343,-1.8509335e+06,5.7120664e+07,-0.0039357254,0,0001
2016-04-01 06:00:00,3.4176393,27.982138,-1.852105e+06,5.7117828e+07,-0.0039369673,0,0001
2016-05-01 00:00:00,4.7321444,27.838623,-1.8908845e+06,5.4779396e+07,-0.004827061,0,0001
2016-05-01 06:00:00,4.742626,27.83079,-1.8912104e+06,5.4759744e+07,-0.004834541,0,0001
2016-06-01 00:00:00,6.0318627,26.86721,-1.6406732e+06,5.265854e+07,-0.005239972,0,0001
2016-06-01 06:00:00,6.0334277,26.86017,-1.6386364e+06,5.2641456e+07,-0.005243268,0,0001
2016-07-01 00:00:00,6.2196445,26.022314,-1.3743286e+06,5.208548e+07,-0.0049107536,0,0001
2016-07-01 06:00:00,6.220878,26.020624,-1.3721075e+06,5.208081e+07,-0.004907959,0,0001
2016-08-01 00:00:00,6.3726053,25.812813,-1.3755534e+06,5.3216504e+07,-0.0048715216,0,0001
2016-08-01 06:00:00,6.3688602,25.811562,-1.3755814e+06,5.3225736e+07,-0.0048712255,0,0001
2016-09-01 00:00:00,5.9082127,25.657627,-1.3907514e+06,5.442511e+07,-0.00464279,0,0001
2016-09-01 06:00:00,5.8951426,25.657576,-1.3908748e+06,5.4434864e+07,-0.004640933,0,0001
2016-10-01 00:00:00,4.3398066,25.651377,-1.330525e+06,5.534292e+07,-0.004190262,0,0001
2016-10-01 06:00:00,4.3382993,25.649042,-1.3300179e+06,5.535055e+07,-0.0041864747,0,0001
2016-11-01 00:00:00,4.152916,25.361803,-1.3104109e+06,5.4598876e+07,-0.0040170513,0,0001
2016-11-01 06:00:00,4.1528134,25.360008,-1.3102515e+06,5.4592764e+07,-0.004015674,0,0001
2016-12-01 00:00:00,4.140639,25.14644,-1.3464351e+06,5.4498524e+07,-0.004179324,0,0001
2016-12-01 06:00:00,4.1426277,25.145054,-1.3467392e+06,5.4497732e+07,-0.004180699,0,0001
2017-01-01 00:00:00,4.3872347,24.974407,-1.4243506e+06,5.454521e+07,-0.0042669447,0,0001
2017-01-01 06:00:00,4.3805637,24.978754,-1.4249816e+06,5.454559e+07,-0.004267646,0,0001
2017-02-01 00:00:00,3.5600607,25.513403,-1.557568e+06,5.603493e+07,-0.0038435268,0,0001
2017-02-01 06:00:00,3.5609717,25.522335,-1.5586459e+06,5.6047036e+07,-0.0038400786,0,0001
2017-03-01 00:00:00,3.662094,26.513857,-1.6728034e+06,5.6619092e+07,-0.003957237,0,0001
2017-03-01 06:00:00,3.6637697,26.519854,-1.6738319e+06,5.6624244e+07,-0.003958293,0,0001
2017-04-01 00:00:00,3.8698788,27.257412,-1.7360688e+06,5.6669264e+07,-0.003919679,0,0001
2017-04-01 06:00:00,3.8775265,27.25906,-1.7365748e+06,5.666963e+07,-0.0039193654,0,0001
2017-05-01 00:00:00,4.787596,27.4551,-1.7819725e+06,5.48257e+07,-0.0045091975,0,0001
2017-05-01 06:00:00,4.7978754,27.450924,-1.782354e+06,5.4810204e+07,-0.004514154,0,0001
2017-06-01 00:00:00,6.06223,26.93737,-1.4363728e+06,5.3074452e+07,-0.004766545,0,0001
2017-06-01 06:00:00,6.064446,26.931719,-1.4335599e+06,5.306034e+07,-0.004768597,0,0001
2017-07-01 00:00:00,6.3281093,26.259254,-1.2412058e+06,5.240626e+07,-0.0046603917,0,0001
2017-07-01 06:00:00,6.32848,26.256884,-1.2395894e+06,5.2400764e+07,-0.0046594823,0,0001
2017-08-01 00:00:00,6.37407,25.965284,-1.3689362e+06,5.325141e+07,-0.0047951275,0,0001
2017-08-01 06:00:00,6.363219,25.965433,-1.3699879e+06,5.3258324e+07,-0.0047962302,0,0001
2017-09-01 00:00:00,5.028525,25.983728,-1.3064094e+06,5.4662252e+07,-0.0042682877,0,0001
2017-09-01 06:00:00,5.022086,25.98361,-1.3058925e+06,5.4673668e+07,-0.0042639957,0,0001
2017-10-01 00:00:00,4.255879,25.969463,-1.2883125e+06,5.542982e+07,-0.0041968743,0,0001
2017-10-01 06:00:00,4.2538204,25.96607,-1.2881648e+06,5.5436176e+07,-0.0041963104,0,0001
2017-11-01 00:00:00,4.0006514,25.548792,-1.2797685e+06,5.4650388e+07,-0.004124449,0,0001
2017-11-01 06:00:00,4.0036488,25.543571,-1.2797002e+06,5.4644e+07,-0.0041238647,0,0001
2017-12-01 00:00:00,4.3603606,24.922338,-1.3199289e+06,5.4103332e+07,-0.004335435,0,0001
2017-12-01 06:00:00,4.360016,24.921059,-1.3202669e+06,5.4098788e+07,-0.004337213,0,0001
2018-01-01 00:00:00,4.317614,24.76364,-1.3587584e+06,5.4028884e+07,-0.0041352096,0,0001
2018-01-01 06:00:00,4.3099623,24.76995,-1.3590714e+06,5.4028316e+07,-0.004133567,0,0001
2018-02-01 00:00:00,3.3687932,25.54617,-1.4903898e+06,5.616593e+07,-0.003702342,0,0001
2018-02-01 06:00:00,3.3688734,25.55525,-1.4914574e+06,5.6183308e+07,-0.003698836,0,0001
2018-03-01 00:00:00,3.3777573,26.56333,-1.636539e+06,5.6608784e+07,-0.0037893367,0,0001
2018-03-01 06:00:00,3.379344,26.56807,-1.637846e+06,5.6612616e+07,-0.003790152,0,0001
2018-04-01 00:00:00,3.5744994,27.151045,-1.7715545e+06,5.625599e+07,-0.0039008514,0,0001
2018-04-01 06:00:00,3.58158,27.1526,-1.7726415e+06,5.6253092e+07,-0.0039017512,0,0001
2018-05-01 00:00:00,4.424176,27.337572,-1.732276e+06,5.467143e+07,-0.0043643885,0,0001
2018-05-01 06:00:00,4.435041,27.333147,-1.7319368e+06,5.465814e+07,-0.0043682763,0,0001
2018-06-01 00:00:00,5.7713866,26.788887,-1.4255899e+06,5.29138e+07,-0.004773751,0,0001
2018-06-01 06:00:00,5.7797685,26.782507,-1.4230992e+06,5.289962e+07,-0.0047770473,0,0001
2018-07-01 00:00:00,6.777192,26.023266,-1.2984808e+06,5.218816e+07,-0.0050003133,0,0001
2018-07-01 06:00:00,6.7767715,26.021177,-1.2974335e+06,5.218218e+07,-0.0050021894,0,0001
2018-08-01 00:00:00,6.7250566,25.764193,-1.2235962e+06,5.3284844e+07,-0.00480801,0,0001
2018-08-01 06:00:00,6.713343,25.76419,-1.222996e+06,5.329381e+07,-0.0048064315,0,0001
2018-09-01 00:00:00,5.2725973,25.76399,-1.3838409e+06,5.503242e+07,-0.0042339503,0,0001
2018-09-01 06:00:00,5.259785,25.764233,-1.3851485e+06,5.5046556e+07,-0.004229296,0,0001
2018-10-01 00:00:00,3.7351205,25.793068,-1.3163791e+06,5.52804e+07,-0.003923211,0,0001
2018-10-01 06:00:00,3.7365155,25.792341,-1.3158012e+06,5.5282364e+07,-0.0039206385,0,0001
2018-11-01 00:00:00,3.9080873,25.70297,-1.3220766e+06,5.507642e+07,-0.0038757473,0,0001
2018-11-01 06:00:00,3.9070203,25.69903,-1.3221276e+06,5.5074744e+07,-0.0038753822,0,0001
2018-12-01 00:00:00,3.7800663,25.229988,-1.3382911e+06,5.418638e+07,-0.004041777,0,0001
2018-12-01 06:00:00,3.7815998,25.229633,-1.338427e+06,5.4178916e+07,-0.0040431754,0,0001
2019-01-01 00:00:00,3.9702291,25.185932,-1.3896012e+06,5.4811252e+07,-0.004160374,0,0001
2019-01-01 06:00:00,3.9638329,25.191566,-1.3900172e+06,5.481639e+07,-0.0041613267,0,0001
2019-02-01 00:00:00,3.1771004,25.884548,-1.5087818e+06,5.6295816e+07,-0.003680158,0,0001
2019-02-01 06:00:00,3.1769948,25.891764,-1.5097474e+06,5.6307844e+07,-0.003676246,0,0001
2019-03-01 00:00:00,3.1652741,26.692682,-1.7009831e+06,5.706251e+07,-0.003698246,0,0001
2019-03-01 06:00:00,3.1670256,26.700218,-1.702706e+06,5.706931e+07,-0.0036984442,0,0001
2019-04-01 00:00:00,3.3824518,27.627113,-1.8203566e+06,5.6802756e+07,-0.0039102747,0,0001
2019-04-01 06:00:00,3.3892503,27.627918,-1.8213131e+06,5.6800588e+07,-0.0039119967,0,0001
2019-05-01 00:00:00,4.1982813,27.723623,-1.8080418e+06,5.561326e+07,-0.0041719023,0,0001
2019-05-01 06:00:00,4.2111177,27.720043,-1.8079302e+06,5.5603284e+07,-0.0041740863,0,0001
2019-06-01 00:00:00,5.789975,27.279701,-1.6820321e+06,5.308574e+07,-0.0049706106,0,0001
2019-06-01 06:00:00,5.793573,27.273643,-1.6810086e+06,5.306527e+07,-0.0049770866,0,0001
2019-07-01 00:00:00,6.2216854,26.552769,-1.3249332e+06,5.28006e+07,-0.0047411905,0,0001
2019-07-01 06:00:00,6.2236347,26.549139,-1.321941e+06,5.2798376e+07,-0.004739208,0,0001
2019-08-01 00:00:00,6.4634256,26.102722,-1.277549e+06,5.3368332e+07,-0.004853844,0,0001
2019-08-01 06:00:00,6.45253,26.102259,-1.2771881e+06,5.3372964e+07,-0.004854776,0,0001
2019-09-01 00:00:00,5.1123743,26.045303,-1.2106809e+06,5.4931816e+07,-0.0041228025,0,0001
2019-09-01 06:00:00,5.102134,26.044952,-1.2101401e+06,5.494449e+07,-0.0041168514,0,0001
2019-10-01 00:00:00,3.8835404,26.003183,-1.3032749e+06,5.5716636e+07,-0.003965239,0,0001
2019-10-01 06:00:00,3.8838193,26.00173,-1.3040575e+06,5.5723124e+07,-0.003963965,0,0001
2019-11-01 00:00:00,3.9181428,25.822954,-1.268919e+06,5.546765e+07,-0.0039935396,0,0001
2019-11-01 06:00:00,3.917459,25.820269,-1.2686334e+06,5.5465572e+07,-0.00399378,0,0001
2019-12-01 00:00:00,3.8360999,25.500702,-1.280534e+06,5.439666e+07,-0.004053418,0,0001
2019-12-01 06:00:00,3.8343205,25.499973,-1.280634e+06,5.4387676e+07,-0.004053919,0,0001
2020-01-01 00:00:00,3.6154535,25.41042,-1.455957e+06,5.4805816e+07,-0.004142834,0,0001
2020-01-01 06:00:00,3.6177113,25.414545,-1.4573824e+06,5.4809216e+07,-0.0041435566,0,0001
2020-02-01 00:00:00,3.8954334,25.922003,-1.5376341e+06,5.5783884e+07,-0.0040359455,0,0001
2020-02-01 06:00:00,3.8881552,25.9298,-1.5382866e+06,5.579181e+07,-0.0040350705,0,0001
2020-03-01 00:00:00,3.051165,26.826403,-1.6506254e+06,5.6986664e+07,-0.0037426057,0,0001
2020-03-01 06:00:00,3.0505953,26.832188,-1.6516022e+06,5.6997056e+07,-0.0037400625,0,0001
2020-04-01 00:00:00,2.9805222,27.54378,-1.7759499e+06,5.6551096e+07,-0.004053329,0,0001
2020-04-01 06:00:00,2.9954581,27.545446,-1.7769609e+06,5.654747e+07,-0.004055876,0,0001
2020-05-01 00:00:00,4.7728295,27.743845,-1.8654682e+06,5.4953624e+07,-0.0048683016,0,0001
2020-05-01 06:00:00,4.7815065,27.738169,-1.866212e+06,5.494023e+07,-0.0048751286,0,0001
2020-06-01 00:00:00,5.84878,27.039879,-1.5228126e+06,5.281778e+07,-0.0048733703,0,0001
2020-06-01 06:00:00,5.8499746,27.034575,-1.5200208e+06,5.2800524e+07,-0.004873356,0,0001
2020-07-01 00:00:00,5.992094,26.403471,-1.4185994e+06,5.212513e+07,-0.0049286997,0,0001
2020-07-01 06:00:00,5.9925666,26.400654,-1.4177471e+06,5.2119452e+07,-0.004929165,0,0001
2020-08-01 00:00:00,6.0506997,26.05416,-1.2327521e+06,5.322029e+07,-0.0047323047,0,0001
2020-08-01 06:00:00,6.0431347,26.054155,-1.2312481e+06,5.3229236e+07,-0.0047307042,0,0001
2020-09-01 00:00:00,5.1126084,26.053751,-1.3188264e+06,5.455647e+07,-0.0043573366,0,0001
2020-09-01 06:00:00,5.1051598,26.05373,-1.3195384e+06,5.4567264e+07,-0.004354301,0,0001
2020-10-01 00:00:00,4.2187734,26.05128,-1.2365772e+06,5.5411256e+07,-0.00408461,0,0001
2020-10-01 06:00:00,4.2162633,26.048725,-1.2358801e+06,5.5418348e+07,-0.0040823435,0,0001
2020-11-01 00:00:00,3.9075003,25.7345,-1.3004941e+06,5.4753656e+07,-0.004125826,0,0001
2020-11-01 06:00:00,3.9126616,25.729889,-1.3010195e+06,5.4748252e+07,-0.0041261795,0,0001
2020-12-01 00:00:00,4.526863,25.18096,-1.4435902e+06,5.412294e+07,-0.004434633,0,0001
2020-12-01 06:00:00,4.5260553,25.180204,-1.4447884e+06,5.4117684e+07,-0.004437225,0,0001
2021-01-01 00:00:00,4.4267244,25.087257,-1.4164368e+06,5.4402936e+07,-0.0042213793,0,0001
2021-01-01 06:00:00,4.422934,25.091427,-1.4162062e+06,5.4405256e+07,-0.0042196247,0,0001
2021-02-01 00:00:00,3.9567378,25.60427,-1.5416812e+06,5.597311e+07,-0.004086021,0,0001
2021-02-01 06:00:00,3.94571,25.615076,-1.5427014e+06,5.598586e+07,-0.0040849345,0,0001
2021-03-01 00:00:00,2.721624,26.814346,-1.5775282e+06,5.7032876e+07,-0.0035813074,0,0001
2021-03-01 06:00:00,2.7275481,26.817827,-1.577842e+06,5.7042308e+07,-0.0035767702,0,0001
2021-04-01 00:00:00,3.4562237,27.246023,-1.7403038e+06,5.6689804e+07,-0.0041099032,0,0001
2021-04-01 06:00:00,3.4640958,27.247,-1.7416246e+06,5.668694e+07,-0.0041142376,0,0001
2021-05-01 00:00:00,4.40087,27.36323,-1.7696704e+06,5.4550348e+07,-0.004816163,0,0001
2021-05-01 06:00:00,4.4112263,27.357409,-1.769906e+06,5.453239e+07,-0.0048220614,0,0001
2021-06-01 00:00:00,5.685085,26.641401,-1.5066946e+06,5.295493e+07,-0.004958082,0,0001
2021-06-01 06:00:00,5.6923957,26.636501,-1.5045548e+06,5.2942104e+07,-0.004959188,0,0001
2021-07-01 00:00:00,6.56239,26.05349,-1.417593e+06,5.203454e+07,-0.0051769004,0,0001
2021-07-01 06:00:00,6.557011,26.05195,-1.4168622e+06,5.202691e+07,-0.00517873,0,0001
2021-08-01 00:00:00,5.895435,25.862648,-1.3497019e+06,5.3205148e+07,-0.004605855,0,0001
2021-08-01 06:00:00,5.8936462,25.863167,-1.3491559e+06,5.321473e+07,-0.0046011973,0,0001
2021-09-01 00:00:00,5.6736197,25.92691,-1.3145899e+06,5.4363464e+07,-0.004549171,0,0001
2021-09-01 06:00:00,5.661117,25.9268,-1.3143089e+06,5.4372804e+07,-0.004548748,0,0001
2021-10-01 00:00:00,4.173284,25.91371,-1.3048339e+06,5.5221228e+07,-0.0043189162,0,0001
2021-10-01 06:00:00,4.1742144,25.911976,-1.3047542e+06,5.5228356e+07,-0.0043169847,0,0001
2021-11-01 00:00:00,4.288672,25.698757,-1.2330318e+06,5.468949e+07,-0.0041959737,0,0001
2021-11-01 06:00:00,4.2841797,25.694857,-1.2324486e+06,5.4685108e+07,-0.00419499,0,0001
2021-12-01 00:00:00,3.7495859,25.23063,-1.3009714e+06,5.4656556e+07,-0.0040792665,0,0001
2021-12-01 06:00:00,3.7465556,25.230896,-1.3015472e+06,5.4656316e+07,-0.004078294,0,0001
2022-01-01 00:00:00,3.3738303,25.263586,-1.4184896e+06,5.4818708e+07,-0.0041581686,0,0001
2022-01-01 06:00:00,3.3786206,25.266405,-1.4194404e+06,5.4820028e+07,-0.004158818,0,0001
2022-02-01 00:00:00,3.9678397,25.613142,-1.4839574e+06,5.5368144e+07,-0.0041764667,0,0001
2022-02-01 06:00:00,3.9598355,25.623716,-1.4844819e+06,5.53726e+07,-0.00417661,0,0001
2022-03-01 00:00:00,3.0713716,26.797388,-1.5062945e+06,5.6791616e+07,-0.0038269856,0,0001
2022-03-01 06:00:00,3.0726085,26.8033,-1.506491e+06,5.68044e+07,-0.0038238359,0,0001
2022-04-01 00:00:00,3.2247567,27.530645,-1.7032401e+06,5.691114e+07,-0.003943432,0,0001
2022-04-01 06:00:00,3.2396853,27.52909,-1.7048398e+06,5.691201e+07,-0.0039444044,0,0001
2022-05-01 00:00:00,5.0161786,27.344128,-1.723573e+06,5.459788e+07,-0.0048727863,0,0001
2022-05-01 06:00:00,5.020748,27.33844,-1.7237304e+06,5.457843e+07,-0.004880588,0,0001
2022-06-01 00:00:00,5.5828133,26.638788,-1.6018656e+06,5.269208e+07,-0.0049259714,0,0001
2022-06-01 06:00:00,5.5912232,26.63204,-1.6008749e+06,5.2676744e+07,-0.00492634,0,0001
2022-07-01 00:00:00,6.591987,25.829094,-1.397184e+06,5.173948e+07,-0.0052098106,0,0001
2022-07-01 06:00:00,6.5892816,25.8277,-1.3954722e+06,5.1731604e+07,-0.005212193,0,0001
2022-08-01 00:00:00,6.256499,25.656107,-1.2969735e+06,5.2820228e+07,-0.0048235497,0,0001
2022-08-01 06:00:00,6.2503495,25.655865,-1.2961728e+06,5.282908e+07,-0.00482039,0,0001
2022-09-01 00:00:00,5.4939713,25.62605,-1.3504346e+06,5.434437e+07,-0.0044331257,0,0001
2022-09-01 06:00:00,5.4845304,25.625277,-1.3508758e+06,5.435669e+07,-0.0044299774,0,0001
2022-10-01 00:00:00,4.3610616,25.5331,-1.3325939e+06,5.492613e+07,-0.0043690717,0,0001
2022-10-01 06:00:00,4.3576355,25.53225,-1.3324402e+06,5.493091e+07,-0.00436856,0,0001
2022-11-01 00:00:00,3.9362562,25.427649,-1.307009e+06,5.4981908e+07,-0.0040635657,0,0001
2022-11-01 06:00:00,3.9379706,25.425205,-1.3068022e+06,5.4982324e+07,-0.004061086,0,0001
2022-12-01 00:00:00,4.1419954,25.134365,-1.3253875e+06,5.4065636e+07,-0.00422267,0,0001
2022-12-01 06:00:00,4.1440783,25.131403,-1.3255436e+06,5.4057932e+07,-0.004224028,0,0001
2023-01-01 00:00:00,4.4002447,24.766966,-1.4708518e+06,5.4353856e+07,-0.004431201,0,0001
2023-01-01 06:00:00,4.39651,24.77356,-1.4720331e+06,5.435626e+07,-0.0044328854,0,0001
2023-02-01 00:00:00,3.937158,25.584682,-1.4292818e+06,5.587913e+07,-0.0038838356,0,0001
2023-02-01 06:00:00,3.9281683,25.593414,-1.4289341e+06,5.5891508e+07,-0.0038793718,0,0001
2023-03-01 00:00:00,2.9302888,26.562584,-1.5430201e+06,5.7025416e+07,-0.0037246305,0,0001
2023-03-01 06:00:00,2.9344099,26.568165,-1.5440479e+06,5.703563e+07,-0.0037232365,0,0001
2023-04-01 00:00:00,3.441301,27.254723,-1.8073486e+06,5.6988904e+07,-0.004031148,0,0001
2023-04-01 06:00:00,3.4482145,27.257523,-1.8094892e+06,5.6988524e+07,-0.004033651,0,0001
2023-05-01 00:00:00,4.270899,27.590708,-1.6807509e+06,5.5417428e+07,-0.0043242723,0,0001
2023-05-01 06:00:00,4.28272,27.586876,-1.679669e+06,5.5404224e+07,-0.0043267147,0,0001
2023-06-01 00:00:00,5.7367473,27.115656,-1.615349e+06,5.326151e+07,-0.005050421,0,0001
2023-06-01 06:00:00,5.7447476,27.109663,-1.6148261e+06,5.3244092e+07,-0.005056305,0,0001
2023-07-01 00:00:00,6.6967993,26.396513,-1.3466916e+06,5.253086e+07,-0.0051802895,0,0001
2023-07-01 06:00:00,6.692572,26.394741,-1.3444384e+06,5.2524868e+07,-0.005181331,0,0001
2023-08-01 00:00:00,6.172603,26.176859,-1.3390902e+06,5.3876536e+07,-0.004729679,0,0001
2023-08-01 06:00:00,6.16973,26.177341,-1.3390468e+06,5.3887524e+07,-0.0047260066,0,0001
2023-09-01 00:00:00,5.816353,26.23662,-1.2775098e+06,5.500036e+07,-0.0045065405,0,0001
2023-09-01 06:00:00,5.8015733,26.237206,-1.2770095e+06,5.500941e+07,-0.004504756,0,0001
2023-10-01 00:00:00,4.0428133,26.306803,-1.1915511e+06,5.630379e+07,-0.0038720858,0,0001
2023-10-01 06:00:00,4.042181,26.304806,-1.190833e+06,5.6314668e+07,-0.0038667694,0,0001
2023-11-01 00:00:00,3.9644203,26.059198,-1.1985605e+06,5.559815e+07,-0.00392151,0,0001
2023-11-01 06:00:00,3.9628916,26.057098,-1.1986234e+06,5.559233e+07,-0.0039219554,0,0001
2023-12-01 00:00:00,3.7809656,25.807127,-1.2290895e+06,5.480643e+07,-0.004044071,0,0001
2023-12-01 06:00:00,3.7796085,25.807846,-1.2293455e+06,5.4799828e+07,-0.004045097,0,0001
2024-01-01 00:00:00,3.6126995,25.896242,-1.2917034e+06,5.4860076e+07,-0.004140413,0,0001
2024-01-01 06:00:00,3.6124475,25.90106,-1.2922104e+06,5.4860564e+07,-0.0041411878,0,0001
2024-02-01 00:00:00,3.58146,26.493616,-1.4341915e+06,5.6318236e+07,-0.0040590614,0,0001
2024-02-01 06:00:00,3.5814557,26.498775,-1.4353459e+06,5.633009e+07,-0.0040583936,0,0001
2024-03-01 00:00:00,3.580972,27.092102,-1.6533722e+06,5.7192084e+07,-0.004124389,0,0001
2024-03-01 06:00:00,3.5824347,27.099281,-1.6552681e+06,5.719958e+07,-0.0041249627,0,0001
2024-04-01 00:00:00,3.762352,27.982267,-1.7297625e+06,5.704309e+07,-0.004031688,0,0001
2024-04-01 06:00:00,3.769582,27.98279,-1.7303681e+06,5.7041816e+07,-0.00403093,0,0001
2024-05-01 00:00:00,4.6299615,28.045004,-1.6940162e+06,5.4965668e+07,-0.00467646,0,0001
2024-05-01 06:00:00,4.6393704,28.040041,-1.6937108e+06,5.494822e+07,-0.0046818843,0,0001
2024-06-01 00:00:00,5.7966456,27.429506,-1.5018436e+06,5.318618e+07,-0.0051455596,0,0001
2024-06-01 06:00:00,5.8015633,27.423742,-1.5002838e+06,5.3171856e+07,-0.005149329,0,0001
2024-07-01 00:00:00,6.3867693,26.737871,-1.169404e+06,5.237761e+07,-0.0049426593,0,0001
2024-07-01 06:00:00,6.3824396,26.734129,-1.1666235e+06,5.2370932e+07,-0.0049409224,0,0001
2024-08-01 00:00:00,5.8498898,26.273916,-1.3093446e+06,5.323623e+07,-0.004809562,0,0001
2024-08-01 06:00:00,5.848523,26.274193,-1.310505e+06,5.3243268e+07,-0.0048084944,0,0001
2024-09-01 00:00:00,5.680415,26.308329,-1.2973928e+06,5.519403e+07,-0.004516607,0,0001
2024-09-01 06:00:00,5.665731,26.309092,-1.2972861e+06,5.5209892e+07,-0.004514234,0,0001
2024-10-01 00:00:00,3.9182978,26.399963,-1.2776684e+06,5.572629e+07,-0.003970594,0,0001
2024-10-01 06:00:00,3.9215045,26.397308,-1.2775035e+06,5.5730628e+07,-0.0039660255,0,0001
2024-11-01 00:00:00,4.315925,26.070652,-1.3698005e+06,5.479212e+07,-0.004274249,0,0001
2024-11-01 06:00:00,4.318518,26.06517,-1.3705509e+06,5.478449e+07,-0.004276755,0,0001
2024-12-01 00:00:00,4.627106,25.412941,-1.3110039e+06,5.418034e+07,-0.0044833543,0,0001
2024-12-01 06:00:00,,,-1.3105035e+06,5.4175264e+07,-0.0044850903,0,0001
