wind_speed,t2m_c,sshf,net_radiation,e,number,expver,valid_time,oni,oni_3m_mean,oni_lag1,oni_lag3
-1.4545015035985154,1.3709341080903346,-1.458073240838212,1.3803245885885458,1.342400444139629,0.0,0.0,1981-04-01,-0.37,-0.4466666666666666,-0.47,-0.26
-0.5617121103379611,1.3864145251359148,-1.6612204009394658,0.1836769547873542,0.5708942028613541,0.0,0.0,1981-05-01,-0.26,-0.3666666666666667,-0.37,-0.5
1.1301409508481666,0.6257751541418228,-0.7954617510023021,-1.281398042551236,-1.2328922645737233,0.0,0.0,1981-06-01,-0.29,-0.3066666666666666,-0.26,-0.47
1.2747685503864474,-0.1577025493924471,0.8827583685215019,-1.6535828700788249,-0.4580146311106703,0.0,0.0,1981-07-01,-0.3,-0.2833333333333333,-0.29,-0.37
1.4825680189929655,-0.508422094413111,1.1826638843026662,-0.8364172952195988,-0.1741267801318682,0.0,0.0,1981-08-01,-0.25,-0.2799999999999999,-0.3,-0.26
0.4123138839264333,-0.6370955561532379,0.7555058757857164,-0.0451093955366578,0.5212095712966714,0.0,0.0,1981-09-01,-0.16,-0.2366666666666667,-0.25,-0.29
-0.8402749749781104,-0.5510661465294158,0.9232633704737742,0.5927050656319915,0.9057566155331273,0.0,0.0,1981-10-01,-0.13,-0.18,-0.16,-0.3
-0.5549424085310035,-1.174000382992264,0.6619377535667396,0.0762123179526104,0.4189512520605313,0.0,0.0,1981-11-01,-0.15,-0.1466666666666666,-0.13,-0.25
-0.3863117043870825,-1.7804874421555366,0.3312234625842396,-0.2968212266029633,0.4158349641677423,0.0,0.0,1981-12-01,-0.08,-0.12,-0.15,-0.16
-0.4462468411599291,-1.6917599259673342,-0.1056899728922005,-0.0506325625671548,0.634577446241259,0.0,0.0,1982-01-01,-0.05,-0.0933333333333333,-0.08,-0.13
-0.4671451035867027,-1.0568483999191938,-0.8157942818900017,0.7770761887282974,0.7240347265884594,0.0,0.0,1982-02-01,0.07,-0.02,-0.05,-0.15
-0.8797283208342132,0.1336647777027,-1.837455036602324,1.612445081104266,0.8192235862366909,0.0,0.0,1982-03-01,0.19,0.07,0.07,-0.08
-1.264142552793515,1.1002449128664271,-1.5028017391507065,1.422852974723373,1.1787701736505398,0.0,0.0,1982-04-01,0.47,0.2433333333333333,0.19,-0.05
-0.4798949597049609,1.456926758769135,-2.032989488403674,0.3184422303314814,0.0315439690539868,0.0,0.0,1982-05-01,0.66,0.44,0.47,0.07
1.5972498375671995,0.8687909902574147,-1.1108799140247758,-1.304293160333414,-1.9363234531193592,0.0,0.0,1982-06-01,0.72,0.6166666666666666,0.66,0.19
1.81380049783464,0.0154333069442448,-0.1052969492854156,-1.6303479763144042,-1.3497997115696585,0.0,0.0,1982-07-01,0.79,0.7233333333333333,0.72,0.47
1.737471267155553,-0.4863201660714758,0.8933837096566796,-1.2248434146983849,-0.5604066438924274,0.0,0.0,1982-08-01,1.07,0.86,0.79,0.66
0.5664773809718772,-0.5181276811962399,0.2937239675162101,0.1082206613351085,0.240291087035086,0.0,0.0,1982-09-01,1.58,1.1466666666666667,1.07,0.72
-0.8821892236406282,-0.5168068097718982,0.2880851476514984,0.6004447287509054,1.046091376217736,0.0,0.0,1982-10-01,1.97,1.54,1.58,0.79
-0.9966114760100104,-0.7878439896753179,0.7252863619195189,0.0324809802551201,0.97955143718291,0.0,0.0,1982-11-01,2.18,1.91,1.97,1.07
-0.722533233972378,-1.306156142123835,0.3919738395616194,-0.6612851871298051,0.5630077009160461,0.0,0.0,1982-12-01,2.23,2.1266666666666665,2.18,1.58
-0.6351206608363738,-1.416804242524914,-0.1200356086148974,-0.2244417131090678,0.6749748643314711,0.0,0.0,1983-01-01,2.18,2.1966666666666668,2.23,1.97
-1.0340363500807692,-0.5651448224716126,0.0148142442185752,0.6408708413615589,1.4400229514919007,0.0,0.0,1983-02-01,1.92,2.11,2.18,2.18
-1.1863755315579494,0.5737097844172019,-1.2657997338580127,1.5848379210832426,1.4388636442094171,0.0,0.0,1983-03-01,1.54,1.88,1.92,2.23
-0.9456885316657287,1.469272863102783,-2.253429139053394,1.495802155183241,0.5495939393109772,0.0,0.0,1983-04-01,1.29,1.5833333333333333,1.54,2.18
-0.1589819186344217,1.82089912876724,-1.5941482090986927,0.5676411649844351,0.6134793764630506,0.0,0.0,1983-05-01,1.06,1.2966666666666666,1.29,1.92
1.0173855707808233,1.2740277266354532,-0.992936105933934,-1.0276692434201284,-1.1633938243748556,0.0,0.0,1983-06-01,0.72,1.0233333333333334,1.06,1.54
1.662234456041204,0.3931081863471883,0.3865153610729634,-1.5231378100025317,-1.169836624993647,0.0,0.0,1983-07-01,0.31,0.6966666666666667,0.72,1.29
1.2499954442031669,-0.1806033721391559,1.3243042203172468,-1.111028581633813,-0.4935645952377351,0.0,0.0,1983-08-01,-0.08,0.3166666666666666,0.31,1.06
0.7445562053122354,-0.3888942581936591,0.6576654718494679,-0.2457319315708658,-0.0350784064603804,0.0,0.0,1983-09-01,-0.46,-0.0766666666666666,-0.08,0.72
-0.7369201055546043,-0.6241907158553045,0.7913488613144078,0.3153611128074005,0.6713934835211578,0.0,0.0,1983-10-01,-0.81,-0.45,-0.46,0.31
-0.5816204347793218,-1.305126891663313,0.6018791419893076,0.0315787665831227,0.4535596923840148,0.0,0.0,1983-11-01,-1.0,-0.7566666666666667,-0.81,-0.08
-0.4209736105239145,-1.7340167838627767,0.5352016182055584,-0.6259788479366881,0.4391557481937422,0.0,0.0,1983-12-01,-0.91,-0.9066666666666668,-1.0,-0.46
-0.3389505104703463,-1.7209551053994296,0.159563687482369,-0.4486967530996825,0.5053623981952401,0.0,0.0,1984-01-01,-0.6,-0.8366666666666666,-0.91,-0.81
-0.4140788327736863,-1.1198997930117665,-0.0789906788346149,0.4753001739975967,0.8908405730974549,0.0,0.0,1984-02-01,-0.42,-0.6433333333333333,-0.6,-1.0
-1.1171680085304654,0.2763274686188107,-0.7091248246281091,1.5464273306821474,1.9451315754993577,0.0,0.0,1984-03-01,-0.34,-0.4533333333333333,-0.42,-0.91
-0.8825382706995192,1.3479205579122322,-1.778772829873759,1.2435611410977832,0.7994959934048916,0.0,0.0,1984-04-01,-0.43,-0.3966666666666666,-0.34,-0.6
0.2061121596275016,1.1983974225574467,-1.6323904475240356,0.061343142627576,-0.0388355257829534,0.0,0.0,1984-05-01,-0.51,-0.4266666666666667,-0.43,-0.42
1.6878724242666268,0.2904478046986991,0.1452328518118101,-1.4906812514945216,-0.7055664188107953,0.0,0.0,1984-06-01,-0.45,-0.4633333333333333,-0.51,-0.34
1.464554034716065,-0.7896525297702386,0.3667885360227779,-1.9849222869751204,-0.973689769375384,0.0,0.0,1984-07-01,-0.3,-0.42,-0.45,-0.43
1.4815849848409808,-0.9982019537380408,1.288128507690481,-1.0791518110784812,-0.0793956909631488,0.0,0.0,1984-08-01,-0.16,-0.3033333333333333,-0.3,-0.51
-0.0280807538338282,-1.021842856577798,0.7095665139482723,0.0814665559078005,0.8487854495246684,0.0,0.0,1984-09-01,-0.24,-0.2333333333333333,-0.16,-0.45
-0.5639941410964732,-1.0908357204835757,0.8844055595094925,0.5248438497743011,1.0165802975804783,0.0,0.0,1984-10-01,-0.56,-0.32,-0.24,-0.3
-0.3635165016507914,-1.2060982937826747,0.6679909748913256,-0.0425025185324729,0.9657472242864902,0.0,0.0,1984-11-01,-0.92,-0.5733333333333334,-0.56,-0.16
-0.5273964717946138,-1.515571851895916,0.3467092504716689,-0.304180629792814,0.5907396633243585,0.0,0.0,1984-12-01,-1.14,-0.8733333333333334,-0.92,-0.24
-0.6659214412233806,-1.304841397190332,0.1129013156904629,0.1877542665742656,1.0743425231017814,0.0,0.0,1985-01-01,-1.04,-1.0333333333333332,-1.14,-0.56
-0.4767192859883281,-0.7254493564004146,-0.3909966076140785,0.3075346983738716,0.5670858264727053,0.0,0.0,1985-02-01,-0.85,-1.01,-1.04,-0.92
-1.2073760065835248,0.5235044173105285,-1.2332429080541134,1.868508936453764,1.675841831421952,0.0,0.0,1985-03-01,-0.77,-0.8866666666666666,-0.85,-1.14
-0.9151161157428872,1.2755470963628956,-1.9945340195975232,1.5324820568577642,0.8257171715062012,0.0,0.0,1985-04-01,-0.78,-0.7999999999999999,-0.77,-1.04
-0.1878148375139704,1.3395934315673104,-1.5729430232849098,0.0498254597571731,0.0394155899155933,0.0,0.0,1985-05-01,-0.78,-0.7766666666666665,-0.78,-0.85
1.1126706658687515,0.2637791900875605,-0.2785721226706844,-1.3361945104278867,-1.1222466831154072,0.0,0.0,1985-06-01,-0.63,-0.7299999999999999,-0.78,-0.77
1.441925868884658,-0.5073842668654134,0.3424671170087531,-1.6794058447292637,-0.6386220922316305,0.0,0.0,1985-07-01,-0.49,-0.6333333333333333,-0.63,-0.78
1.889198517942538,-0.7473246045810983,0.6982324147606911,-1.1226706080551645,-0.7423260024557099,0.0,0.0,1985-08-01,-0.46,-0.5266666666666665,-0.49,-0.78
0.7623346523110196,-0.8029016788531826,0.4434177244943718,-0.0088704797114281,0.412874100926924,0.0,0.0,1985-09-01,-0.4,-0.4499999999999999,-0.46,-0.63
-0.3208212232091833,-1.1088525047354525,0.6910982414799264,0.3414833794932617,0.5933018080051042,0.0,0.0,1985-10-01,-0.35,-0.4033333333333332,-0.4,-0.49
-0.7864519722932632,-1.3575377954711088,0.90310515131126,-0.06048172848646,1.3622931461381875,0.0,0.0,1985-11-01,-0.27,-0.3399999999999999,-0.35,-0.46
-0.6273408475047658,-1.6900886192671478,0.5078045290971521,-0.1902385614668066,0.9871381915851288,0.0,0.0,1985-12-01,-0.36,-0.3266666666666666,-0.27,-0.4
-0.31817418588074,-1.8121589491837304,-0.0353047619727539,-0.3470907217119476,0.5017767656467254,0.0,0.0,1986-01-01,-0.49,-0.3733333333333333,-0.36,-0.35
-1.048396144290331,-0.926948414713608,-0.4776618758857121,0.9527967599022305,1.416167157075757,0.0,0.0,1986-02-01,-0.47,-0.4399999999999999,-0.49,-0.27
-1.0353226149425332,0.2544032085114328,-1.5016818685389042,1.3194858916489505,1.433022464545901,0.0,0.0,1986-03-01,-0.31,-0.4233333333333332,-0.47,-0.36
-0.8810184410834757,1.270517247386154,-1.558938336911475,1.565425868582862,1.5764579234165663,0.0,0.0,1986-04-01,-0.2,-0.3266666666666666,-0.31,-0.49
0.0887936146448783,1.4293489729178706,-1.8666933618267565,0.3539003843251748,-0.3057164239624849,0.0,0.0,1986-05-01,-0.12,-0.2099999999999998,-0.2,-0.47
1.1878720612142175,0.5642247513041861,-0.3411379727103685,-1.4679495153548687,-1.2009995039215335,0.0,0.0,1986-06-01,-0.04,-0.1199999999999999,-0.12,-0.31
1.537317749240282,-0.4559462498024428,0.7148029916548531,-1.6632729919213356,-0.3871624847105166,0.0,0.0,1986-07-01,0.22,0.02,-0.04,-0.2
1.674526865949737,-0.8591967778512989,0.7067945189977672,-0.96617991162092,-0.4850989120665421,0.0,0.0,1986-08-01,0.44,0.2066666666666667,0.22,-0.12
0.6160639404169121,-0.926357820996975,0.4636872181229636,0.1490010084804406,0.5537211960646125,0.0,0.0,1986-09-01,0.71,0.4566666666666667,0.44,-0.04
-0.8533352346200984,-0.7656746699344819,0.9449180393524996,0.5605304488964811,1.4618483047099549,0.0,0.0,1986-10-01,0.94,0.6966666666666668,0.71,0.22
-1.1177690903395596,-0.996159381693166,0.8007331906702813,0.3311946735799065,1.0965769880177283,0.0,0.0,1986-11-01,1.14,0.93,0.94,0.44
-0.3444135048957797,-1.5095556378945034,0.5170825173376615,-0.3469316776351532,0.9285371926000736,0.0,0.0,1986-12-01,1.22,1.1,1.14,0.71
-0.5118224995034965,-1.4421789422713884,0.0548812742575686,-0.1948421645623832,0.6581424690060699,0.0,0.0,1987-01-01,1.23,1.1966666666666663,1.22,0.94
-1.084935444818664,-0.6799319800818051,-0.3619309496645933,1.115212571124689,1.6781087165054889,0.0,0.0,1987-02-01,1.19,1.2133333333333332,1.23,1.14
-1.41853495226417,0.6572506134632486,-0.956077398308488,1.7881815566858787,2.056646873627213,0.0,0.0,1987-03-01,1.06,1.16,1.19,1.22
-1.3073903172296997,1.5899169459526372,-1.7634558722107243,1.5003190069642025,1.5906953411940123,0.0,0.0,1987-04-01,0.95,1.0666666666666669,1.06,1.23
-0.810729616352878,1.7616192034335982,-1.8696824242086247,0.6843433709704473,0.6570974862396259,0.0,0.0,1987-05-01,0.97,0.9933333333333332,0.95,1.19
1.0448729594233386,1.1293996574589995,-0.6384858202219934,-1.2341084550992814,-1.3358086584001232,0.0,0.0,1987-06-01,1.22,1.0466666666666666,0.97,1.06
1.313675327819484,0.3179287919947479,0.2320411872541149,-1.0807639396750792,-0.6099323076899704,0.0,0.0,1987-07-01,1.51,1.2333333333333332,1.22,0.95
1.6236882918295543,0.0382495841174106,0.3276824130726192,-0.763763069229422,-1.004873906994271,0.0,0.0,1987-08-01,1.7,1.4766666666666666,1.51,0.97
0.4593594740293258,-0.0024388921238907,0.7658812604847792,0.4499702359852205,0.4819076844159443,0.0,0.0,1987-09-01,1.65,1.62,1.7,1.22
-0.5841354026708929,-0.2467792755583299,0.7994943714912933,0.6240367487604916,0.6326972331262285,0.0,0.0,1987-10-01,1.48,1.61,1.65,1.51
-0.5801335104472789,-0.5716462545472712,1.334441707881938,0.2229131285325368,0.7469121488032888,0.0,0.0,1987-11-01,1.25,1.46,1.48,1.7
-0.4439327120589862,-1.1962260664487967,0.9050050394857614,-0.1863549942825357,0.6358553297779813,0.0,0.0,1987-12-01,1.11,1.28,1.25,1.65
-0.4373674354496325,-1.0215022236872886,0.1595044872738153,0.0231812393283775,0.5212237437573383,0.0,0.0,1988-01-01,0.81,1.0566666666666669,1.11,1.48
-1.3659220929530316,0.0151661919437745,-0.199100227888368,1.3921184298104734,1.315985103327194,0.0,0.0,1988-02-01,0.54,0.82,0.81,1.25
-1.2456096154272591,1.06395770764204,-1.2850025274324843,1.6154307721822705,1.0038222484888917,0.0,0.0,1988-03-01,0.14,0.4966666666666667,0.54,1.11
-1.1565992083234948,1.7471900922155523,-1.6134134917821936,1.5995480523314825,1.3241373389099886,0.0,0.0,1988-04-01,-0.31,0.1233333333333333,0.14,0.81
0.5453779211137775,1.719531436685246,-1.5575624802126875,0.0280277461048764,-0.909353884181809,0.0,0.0,1988-05-01,-0.88,-0.35,-0.31,0.54
1.0895364580131015,0.8916305480957568,0.0348633815153296,-1.1371118102280977,-0.7609698744619113,0.0,0.0,1988-06-01,-1.3,-0.83,-0.88,0.14
1.7259573765412268,0.0625178396188225,0.7506306289813267,-1.8512168233245416,-1.5242648282379476,0.0,0.0,1988-07-01,-1.3,-1.16,-1.3,-0.31
1.184466409150281,-0.1436214228539133,1.370858606543551,-1.0145900368866532,-0.2366887456654078,0.0,0.0,1988-08-01,-1.11,-1.2366666666666666,-1.3,-0.88
0.4846059859333721,-0.1153733989051383,0.8787952434488988,0.0208693167938841,-0.1722938085523911,0.0,0.0,1988-09-01,-1.19,-1.2,-1.11,-1.3
-0.5453188233732902,-0.376870407278014,1.1565834516844935,0.7367397191427462,0.7661474848346204,0.0,0.0,1988-10-01,-1.48,-1.26,-1.19,-1.3
-0.1886025918061395,-1.1167961127540131,0.5827563783263995,-0.1717287226384237,0.1745363023211591,0.0,0.0,1988-11-01,-1.8,-1.49,-1.48,-1.11
-0.5403057437029334,-1.5892514812915888,0.4937433832655598,-0.0611685097271631,0.7262368907682873,0.0,0.0,1988-12-01,-1.85,-1.71,-1.8,-1.19
-0.3712878869260067,-1.7080441386106622,0.0996421134247366,-0.5701572686923351,0.4604482168907531,0.0,0.0,1989-01-01,-1.69,-1.78,-1.85,-1.48
-0.7232739166729935,-0.9709537730937774,-0.7406264615295507,0.6999918622717743,0.623727010355324,0.0,0.0,1989-02-01,-1.43,-1.6566666666666665,-1.69,-1.8
-1.3703434154724303,0.1775623098441457,-0.8201630380212114,1.5832012129475037,1.3083811057644972,0.0,0.0,1989-03-01,-1.08,-1.3999999999999997,-1.43,-1.85
-0.9757992873506488,1.1752270342139306,-1.891155655411136,1.3603197354382952,0.5752531793468774,0.0,0.0,1989-04-01,-0.83,-1.1133333333333333,-1.08,-1.69
0.4935235868779581,1.2415144397663254,-1.7634454573592189,-0.0243411308177941,-0.8914800492051305,0.0,0.0,1989-05-01,-0.58,-0.83,-0.83,-1.43
1.401695438297138,0.1886733136251593,-0.3882174867125436,-1.4175036259061669,-1.592323818848498,0.0,0.0,1989-06-01,-0.4,-0.6033333333333332,-0.58,-1.08
1.724462741434186,-0.3426600824471862,0.8206332311454927,-1.8025319855625268,-1.3508472926205577,0.0,0.0,1989-07-01,-0.31,-0.4299999999999999,-0.4,-0.83
1.922028308075935,-0.7513129501156368,0.9825310014869229,-1.1558255146458258,-0.7826197253753826,0.0,0.0,1989-08-01,-0.27,-0.3266666666666666,-0.31,-0.58
0.6733845865046177,-0.6524963288179448,0.906356229430985,0.0558084087551303,0.472827861282555,0.0,0.0,1989-09-01,-0.24,-0.2733333333333332,-0.27,-0.4
-0.2846940905025102,-0.7191770550820402,0.9325144993604034,0.3772017874308005,0.8253512858133393,0.0,0.0,1989-10-01,-0.22,-0.2433333333333332,-0.24,-0.31
-0.7765271289496077,-0.7639849837617846,1.07427323579209,0.3294943478134498,1.0975829965173407,0.0,0.0,1989-11-01,-0.16,-0.2066666666666665,-0.22,-0.27
-0.626470964492858,-1.313900026541131,0.6903812611763348,-0.4753120564236064,0.5995790270417802,0.0,0.0,1989-12-01,-0.05,-0.1433333333333332,-0.16,-0.24
-0.4163204267935492,-1.2857622794274082,0.2418536218218426,0.0245519100992966,0.7278813686209051,0.0,0.0,1990-01-01,0.14,-0.0233333333333332,-0.05,-0.22
-1.520269931317016,-0.2402398592394852,0.3222606606392691,0.9123417301867052,2.0064536869322973,0.0,0.0,1990-02-01,0.21,0.1,0.14,-0.16
-1.6387791634155056,0.4501470413328542,-0.8155777626087184,1.5696217404997477,1.2576916467385917,0.0,0.0,1990-03-01,0.28,0.2100000000000001,0.21,-0.05
-1.0252385351291653,1.4645971252963916,-1.607828938775322,1.2991484917926754,0.8145192741262702,0.0,0.0,1990-04-01,0.29,0.26,0.28,0.14
0.2435845535906858,1.5240816754239723,-1.0344540892325649,0.0092807870165455,-0.8277157865917512,0.0,0.0,1990-05-01,0.29,0.2866666666666668,0.29,0.21
1.8078453587119931,0.556341182895819,0.3040730410114724,-1.4123390309760793,-1.4779907993325527,0.0,0.0,1990-06-01,0.31,0.2966666666666667,0.29,0.28
1.3686750306329931,-0.2589281068870411,0.9634937492363688,-1.7688493418079565,-0.8609015480720394,0.0,0.0,1990-07-01,0.33,0.3100000000000001,0.31,0.29
1.780985142989319,-0.5103825714807799,0.4530986030430907,-0.9916385307499752,-1.20246328290066,0.0,0.0,1990-08-01,0.38,0.3400000000000001,0.33,0.29
0.88946650338036,-0.5221687145519739,1.098600136306907,0.0756527719733427,0.4056355166417356,0.0,0.0,1990-09-01,0.39,0.3666666666666667,0.38,0.31
-0.660494310867702,-0.5348088904457698,1.275719486197593,0.4057892373069751,1.0239993445314834,0.0,0.0,1990-10-01,0.35,0.3733333333333334,0.39,0.33
-0.796746574196093,-0.6658275728780949,1.3676217803258854,0.3216867294980875,1.0078441566182414,0.0,0.0,1990-11-01,0.4,0.3800000000000001,0.35,0.38
-0.7939794818941445,-1.1218222858362494,0.8867138194929968,-0.1273612086337558,1.0711057692933308,0.0,0.0,1990-12-01,0.41,0.3866666666666667,0.4,0.39
-0.5087072567444008,-1.127871582888178,0.0341398234107879,0.0377424474865281,0.6744644195398164,0.0,0.0,1991-01-01,0.41,0.4066666666666667,0.41,0.35
-0.775922729714061,-0.40164593622068,-0.4417070677408647,1.0499712449683756,0.6867462739530219,0.0,0.0,1991-02-01,0.26,0.3600000000000001,0.41,0.4
-1.22798780475313,0.8595461155851872,-1.116704008616257,1.9252616464749863,1.5770893065392395,0.0,0.0,1991-03-01,0.22,0.2966666666666668,0.26,0.41
-1.2262453489240823,1.6245977852797016,-1.8354718296157857,1.520254459062761,0.7859513727463389,0.0,0.0,1991-04-01,0.26,0.2466666666666667,0.22,0.41
-0.5858293523455967,1.7814849626199232,-1.2086457695502528,0.527628566973447,0.9480245622235832,0.0,0.0,1991-05-01,0.45,0.3100000000000001,0.26,0.26
0.8660234162239447,0.9477234728962752,0.3731448843411609,-1.244919114755571,-1.0158967744849758,0.0,0.0,1991-06-01,0.64,0.4500000000000001,0.45,0.22
1.751328964388544,0.0687717614646861,0.5935593200872369,-1.8566098633831156,-1.8916558726304615,0.0,0.0,1991-07-01,0.73,0.6066666666666668,0.64,0.26
1.607858788041432,-0.3987027700228418,1.43993647952411,-1.1234513698867006,-0.2202274326017801,0.0,0.0,1991-08-01,0.64,0.67,0.73,0.45
0.6380868104110291,-0.4488150144687965,0.9872867515740472,0.0405980115926097,0.6054636689180058,0.0,0.0,1991-09-01,0.62,0.6633333333333334,0.64,0.64
-0.5249355689881986,-0.6264366873959545,0.8834901488772315,0.1206405578775089,1.0329535051802994,0.0,0.0,1991-10-01,0.79,0.6833333333333335,0.62,0.73
-0.7259317132223635,-1.1682096238536346,1.1561153315168589,-0.3108966273992691,1.1290562523338143,0.0,0.0,1991-11-01,1.21,0.8733333333333334,0.79,0.64
-0.9117832677405532,-1.4975330122770227,1.1137712860488769,-0.836639956927111,1.0899291591346354,0.0,0.0,1991-12-01,1.53,1.1766666666666667,1.21,0.62
-0.9415717847587244,-1.6629017035312468,0.6463900247203607,-0.3011848177281046,1.3739098397308012,0.0,0.0,1992-01-01,1.71,1.4833333333333334,1.53,0.79
-0.3943797751793461,-0.7932193727352302,-0.2147345644472605,0.2361181244722041,0.5191592886536477,0.0,0.0,1992-02-01,1.63,1.6233333333333333,1.71,1.21
-1.4870655409750275,0.2880756274468187,-0.6115667179826476,1.3670660960048655,1.94497260773222,0.0,0.0,1992-03-01,1.48,1.606666666666667,1.63,1.53
-1.1444221910593984,1.3436528443955509,-1.5267893347664998,1.2792043645626556,1.264701109576347,0.0,0.0,1992-04-01,1.29,1.4666666666666668,1.48,1.71
-0.2304500436387392,1.5245803717780644,-1.9703019490464069,0.0610915638151921,-0.1734394157895635,0.0,0.0,1992-05-01,1.06,1.2766666666666666,1.29,1.63
1.0165099495177548,0.8470468489806312,-0.7961096643959141,-1.5111588993094247,-1.5809549071098634,0.0,0.0,1992-06-01,0.73,1.0266666666666666,1.06,1.48
1.4986397845722823,-0.1190909535447052,0.5474933355814987,-1.981943825173334,-1.0782737894068248,0.0,0.0,1992-07-01,0.37,0.7200000000000001,0.73,1.29
1.5215402483533045,-0.7174885942075071,0.8387769987669536,-1.3813644740927449,-1.1688421906702442,0.0,0.0,1992-08-01,0.09,0.3966666666666667,0.37,1.06
0.6655429076526822,-0.9120022276689684,0.5156639049326963,-0.2326570626031212,-0.0451897485225814,0.0,0.0,1992-09-01,-0.13,0.11,0.09,0.73
-0.3589438327570266,-0.9738748839246036,1.323591625214289,0.1657309995039696,0.912140364232476,0.0,0.0,1992-10-01,-0.25,-0.0966666666666666,-0.13,0.37
-0.5075255356459725,-1.2489298165185765,1.168426782295651,-0.1406428349013332,1.0682752926906418,0.0,0.0,1992-11-01,-0.28,-0.2199999999999999,-0.25,0.09
-0.3905469820446269,-1.6273178194548863,0.9611421853966086,-0.4080364119395681,0.7436239017210856,0.0,0.0,1992-12-01,-0.13,-0.2199999999999999,-0.28,-0.13
-0.6717107986835845,-1.5115136643658396,0.7757786583147827,-0.1796346591103498,0.6421549885440438,0.0,0.0,1993-01-01,0.09,-0.1066666666666666,-0.13,-0.25
-1.3038082139425675,-0.8727522514760634,0.0988352365081571,0.938011444181324,1.2825813221603255,0.0,0.0,1993-02-01,0.3,0.0866666666666667,0.09,-0.28
-1.3853987933148906,0.2143163536702726,-0.8563606766511451,1.252130725126515,1.2290077673888766,0.0,0.0,1993-03-01,0.5,0.2966666666666667,0.3,-0.13
-1.0737604696635228,1.260584980442078,-1.6391453009499943,1.4162251742867764,1.033741966408687,0.0,0.0,1993-04-01,0.67,0.49,0.5,0.09
-0.0933970252928928,1.468824403973554,-1.2657602670523107,0.2260506344111175,0.3848516030749588,0.0,0.0,1993-05-01,0.7,0.6233333333333334,0.67,0.3
1.2331118954049451,0.8211011602881944,-0.2855615843305401,-1.2798177227699967,-1.3807098482823337,0.0,0.0,1993-06-01,0.57,0.6466666666666667,0.7,0.5
1.832866733918153,-0.1621491564415542,0.2729616869664197,-1.9252850957429448,-2.0079912246308433,0.0,0.0,1993-07-01,0.32,0.53,0.57,0.67
1.4621558043715466,-0.5644807108649404,0.9861981255167588,-1.0174137921773758,-0.5535589833139416,0.0,0.0,1993-08-01,0.25,0.38,0.32,0.7
0.7186340143340035,-0.732695769761783,0.8481202168668871,-0.1765260703366407,0.2368405652782554,0.0,0.0,1993-09-01,0.15,0.24,0.25,0.57
-0.4161281953796624,-0.674872723949053,1.2066246205645783,0.3969319280847697,0.8670480823389529,0.0,0.0,1993-10-01,0.1,0.1666666666666667,0.15,0.32
-0.6520519088473703,-0.8857857480815599,1.08954634144879,-0.0679249912804387,1.1122092121323923,0.0,0.0,1993-11-01,0.04,0.0966666666666667,0.1,0.25
-0.2576565269548973,-1.4565149308287155,0.997980063319046,-0.3876961203728058,0.9702474529633196,0.0,0.0,1993-12-01,0.06,0.0666666666666667,0.04,0.15
-0.5947487464936704,-1.26727988187196,0.5413118471383808,-0.006215889484205,1.136625054952524,0.0,0.0,1994-01-01,0.06,0.0533333333333334,0.06,0.1
-0.606543094133481,-0.7469949993740972,-0.1656088061994369,0.4731979004734232,0.8097880343405841,0.0,0.0,1994-02-01,0.07,0.0633333333333334,0.06,0.04
-1.2626278338074115,0.5221847711843554,-0.5452400102495853,1.4934584238333886,1.6736299827273362,0.0,0.0,1994-03-01,0.17,0.1,0.07,0.06
-1.0648007284369747,1.3809717506768018,-1.279223929297577,1.474559649944481,0.9536557532615636,0.0,0.0,1994-04-01,0.31,0.1833333333333334,0.17,0.06
0.0405370742267079,1.5656425639603913,-1.4874836851875124,0.2936009913914371,-0.203340945718171,0.0,0.0,1994-05-01,0.42,0.3,0.31,0.07
1.6190313423718643,0.6963939887155982,0.2687573758589694,-1.5826954791963097,-1.769446271891676,0.0,0.0,1994-06-01,0.41,0.38,0.42,0.17
2.197497717379365,-0.164977144611666,1.4472893646864742,-1.814257871588006,-1.3955269197010205,0.0,0.0,1994-07-01,0.44,0.4233333333333334,0.41,0.31
1.749278884501173,-0.6391283258127773,1.491466424019296,-1.1248408367757865,-0.4484442046305573,0.0,0.0,1994-08-01,0.43,0.4266666666666667,0.44,0.42
0.3596035640057358,-0.7089568430686459,1.3390143758426103,0.1455815608293606,0.681967084008749,0.0,0.0,1994-09-01,0.55,0.4733333333333334,0.43,0.41
-0.7911960714404576,-0.7286363569335423,1.1493780188934333,0.5712919494744887,1.343116389610942,0.0,0.0,1994-10-01,0.74,0.5733333333333334,0.55,0.44
-0.50084809415846,-0.9128685134732428,1.078401902188612,-0.2063511723013247,0.9618160199054034,0.0,0.0,1994-11-01,1.01,0.7666666666666667,0.74,0.43
-0.3378154126625997,-1.433529562508464,0.9604328791941266,-0.2434836266670902,0.5565049035471039,0.0,0.0,1994-12-01,1.09,0.9466666666666668,1.01,0.55
-0.5701145239205161,-1.3197655288679635,0.6702038567610487,-0.2642461079649795,0.5702817163529016,0.0,0.0,1995-01-01,0.96,1.0200000000000002,1.09,0.74
-0.8134927636071535,-0.4543141526436108,-0.2203964066152983,0.8195351738114323,1.1656124611681702,0.0,0.0,1995-02-01,0.72,0.9233333333333336,0.96,1.01
-1.2932611289886624,0.5278848582586034,-0.6875847191159355,1.6090704549657373,1.3651876350215522,0.0,0.0,1995-03-01,0.53,0.7366666666666668,0.72,1.09
-1.2857884914145066,1.503887536328815,-1.5987351289614236,1.6266361503200588,1.0858333180021449,0.0,0.0,1995-04-01,0.3,0.5166666666666668,0.53,0.96
-0.0261516255217061,1.643086309325988,-1.140675707879753,0.1616421208751095,-0.3851301538510031,0.0,0.0,1995-05-01,0.14,0.3233333333333335,0.3,0.72
1.1127180961010028,1.0776553158542084,-0.561579267810326,-1.216032372843974,-1.362866720303765,0.0,0.0,1995-06-01,-0.03,0.1366666666666668,0.14,0.53
1.7078558839341238,0.0385375291867244,0.6113292493546848,-1.8248704490759244,-1.4004920050876972,0.0,0.0,1995-07-01,-0.24,-0.0433333333333331,-0.03,0.3
1.7175194575296142,-0.314664469920872,0.902256614988662,-1.187959647434516,-0.8795704580920846,0.0,0.0,1995-08-01,-0.54,-0.2699999999999998,-0.24,0.14
0.9187629653614926,-0.5060977037897564,0.4694186753510593,-0.0986739947457738,-0.3953730635897195,0.0,0.0,1995-09-01,-0.81,-0.5299999999999999,-0.54,-0.03
-0.3917543459529303,-0.4547932442270231,0.6808308423464641,0.4489509080384926,0.4006198828120155,0.0,0.0,1995-10-01,-0.97,-0.7733333333333331,-0.81,-0.24
-0.5733718780560161,-0.9471070201619166,1.100220467941017,-0.1936883720780019,0.4554729745739317,0.0,0.0,1995-11-01,-1.0,-0.9266666666666664,-0.97,-0.54
-0.5803361424413948,-1.411491349671528,0.8103477430594179,-0.2144768787702758,0.4258171006302044,0.0,0.0,1995-12-01,-0.98,-0.9833333333333332,-1.0,-0.81
-0.4542292864856528,-1.3176298341623702,0.1536020072210087,-0.1101497478141127,0.4500671256605416,0.0,0.0,1996-01-01,-0.9,-0.96,-0.98,-0.97
-0.7817871327402279,-0.5440035278931346,-0.2424769881055605,0.7602319751405251,0.7686659310949795,0.0,0.0,1996-02-01,-0.75,-0.8766666666666665,-0.9,-1.0
-1.1714629823732887,0.7492214939002755,-1.0573864959459018,1.643114562531204,1.3046674486546348,0.0,0.0,1996-03-01,-0.59,-0.7466666666666665,-0.75,-0.98
-1.1218072052736263,1.410180408388734,-1.3184665416174557,1.253320663991986,0.6204144338823095,0.0,0.0,1996-04-01,-0.39,-0.5766666666666665,-0.59,-0.9
-0.1011107590759769,1.5204413145689462,-1.3268011635716643,0.3692987426693616,-0.2721191887075244,0.0,0.0,1996-05-01,-0.31,-0.4299999999999999,-0.39,-0.75
0.9045386476754308,0.6718390134430409,-0.2220627828560609,-1.565437751008872,-1.2102860087729694,0.0,0.0,1996-06-01,-0.3,-0.3333333333333332,-0.31,-0.59
1.512477397926211,-0.1966069915021727,0.3351728839048628,-1.9940384042859276,-2.045293141103913,0.0,0.0,1996-07-01,-0.27,-0.2933333333333331,-0.3,-0.39
1.3635227087118125,-0.8028134573851383,0.8562739492949606,-1.321759091675928,-0.7545110117210324,0.0,0.0,1996-08-01,-0.32,-0.2966666666666666,-0.27,-0.31
0.3043588199356254,-0.6396429510430385,1.0198106883731934,-0.031888495189311,0.2419577684094154,0.0,0.0,1996-09-01,-0.35,-0.3133333333333332,-0.32,-0.3
-0.1888459295194272,-0.8431833561029468,1.0392908458877397,0.0663024261130746,0.3622677870035933,0.0,0.0,1996-10-01,-0.4,-0.3566666666666665,-0.35,-0.27
-0.893713425175009,-0.992878033201151,1.22755024983797,0.2579172839797443,1.174320965832108,0.0,0.0,1996-11-01,-0.45,-0.3999999999999998,-0.4,-0.32
-0.692146773251216,-1.4301624431447415,0.991356217762014,-0.4071746822143911,0.4830738417210823,0.0,0.0,1996-12-01,-0.49,-0.4466666666666665,-0.45,-0.35
-0.3260997866559019,-1.51310287608882,0.1703255179872678,-0.1711547181067202,0.1070534222366848,0.0,0.0,1997-01-01,-0.5,-0.4799999999999998,-0.49,-0.4
-0.247422714650302,-1.0260762617457946,-0.6019422988920864,0.4306434889442116,0.25021795090095,0.0,0.0,1997-02-01,-0.36,-0.4499999999999999,-0.5,-0.45
-1.004149475851295,0.4581764202231267,-0.8626041060532128,1.838345504362081,1.325785596085452,0.0,0.0,1997-03-01,-0.1,-0.3199999999999998,-0.36,-0.49
-1.4029661802631666,0.9698462313067496,-1.3783053450131284,1.2423061387463508,0.9793851469777612,0.0,0.0,1997-04-01,0.28,-0.0599999999999998,-0.1,-0.5
-0.3180973471112894,1.4047670410856354,-2.1413543738605267,0.1006010042014124,-0.5456956297210567,0.0,0.0,1997-05-01,0.75,0.3100000000000001,0.28,-0.36
1.3628736587094217,0.921428574226162,-1.152855054489459,-1.0452884354184628,-1.4555402043914485,0.0,0.0,1997-06-01,1.22,0.7500000000000001,0.75,-0.1
2.0697974208044068,0.1430860953110163,0.8245782672654833,-1.802025936227272,-1.8120727818369828,0.0,0.0,1997-07-01,1.6,1.1900000000000002,1.22,0.28
1.7819671908793864,-0.2450785617021244,0.8701651686020027,-0.753299414831593,-1.4772261950796193,0.0,0.0,1997-08-01,1.9,1.5733333333333337,1.6,0.75
0.4202873632347187,-0.2933859419476597,0.8539185484046461,0.273239011996021,0.1055057895319499,0.0,0.0,1997-09-01,2.14,1.88,1.9,1.22
-0.627710068102894,-0.3458078734389638,0.9124428879104016,0.8917874520438922,0.8679506318757026,0.0,0.0,1997-10-01,2.33,2.123333333333333,2.14,1.6
-0.6763946461935904,-0.2535760044923052,1.5059666380643266,0.6808834393725469,1.077429048827171,0.0,0.0,1997-11-01,2.4,2.2900000000000005,2.33,1.9
-0.6132767525503349,-0.6726855667204324,1.201287831393504,0.0686765204230422,0.5640033162778373,0.0,0.0,1997-12-01,2.39,2.373333333333333,2.4,2.14
-0.3060374260349431,-0.4630493032782428,0.4064921425592626,0.5216629682384128,0.1622825566216063,0.0,0.0,1998-01-01,2.24,2.3433333333333333,2.39,2.33
-0.7608267358126034,0.460798558301135,0.1599051849817097,0.9584355953522145,0.8743353254057628,0.0,0.0,1998-02-01,1.93,2.186666666666667,2.24,2.4
-1.367195805390381,1.3424103920539183,-1.1358169055777405,1.9070323035638592,1.1828492440379093,0.0,0.0,1998-03-01,1.44,1.87,1.93,2.39
-1.1931162731285798,2.40886458083371,-1.7176782146466438,1.6900961828162748,0.8523694286194371,0.0,0.0,1998-04-01,0.99,1.4533333333333331,1.44,2.24
-0.1361938887120818,2.533993254975857,-1.683179293112146,0.2979486781088991,-1.081482198293944,0.0,0.0,1998-05-01,0.45,0.96,0.99,1.93
1.318081587429586,1.5127917781105331,-0.9297574241057062,-1.2367456950635816,-2.4875010777679076,0.0,0.0,1998-06-01,-0.13,0.4366666666666667,0.45,1.44
1.6443546033851877,0.2230931644425918,0.3487341168642265,-1.8730275496740303,-1.7207140296837538,0.0,0.0,1998-07-01,-0.78,-0.1533333333333333,-0.13,0.99
1.2409806516295452,-0.1180188176483229,0.6229752459373306,-1.1774699676423024,-1.021946997943317,0.0,0.0,1998-08-01,-1.12,-0.6766666666666667,-0.78,0.45
0.988322225253099,-0.194508055741601,0.5153426889862857,-0.1960682498089438,-0.8285836135998684,0.0,0.0,1998-09-01,-1.31,-1.07,-1.12,-0.13
-0.0581412998210912,-0.3329397920860479,0.7622201661058148,0.2831286618621466,-0.1278844030552926,0.0,0.0,1998-10-01,-1.35,-1.26,-1.31,-0.78
-0.2558834970063837,-0.8002660624953334,0.9371781602342208,0.0061577396904006,-0.2392775818137432,0.0,0.0,1998-11-01,-1.48,-1.38,-1.35,-1.12
-0.2990900177623491,-1.3583906029955466,0.8108207965777663,-0.4280730739051774,0.0859579507429317,0.0,0.0,1998-12-01,-1.57,-1.4666666666666668,-1.48,-1.31
-0.2198396586017161,-1.5819989414393778,0.1269641059722931,-0.2579739879183051,0.0336958209984505,0.0,0.0,1999-01-01,-1.55,-1.5333333333333332,-1.57,-1.35
-0.5628985834256317,-0.4438059955609028,-0.2488514253765573,1.164666603876291,0.8786746966540319,0.0,0.0,1999-02-01,-1.3,-1.4733333333333334,-1.55,-1.48
-0.749990407136124,0.6383810216869341,-1.0644773653704092,1.4748690629666086,0.7372073201545283,0.0,0.0,1999-03-01,-1.07,-1.3066666666666666,-1.3,-1.57
-0.5263438613473042,1.528977966900477,-1.2483153907818276,1.3853879736515824,0.4560462506078757,0.0,0.0,1999-04-01,-0.98,-1.116666666666667,-1.07,-1.55
0.3375247460628018,1.125221390708531,-1.1721241742235124,-0.1270315536382183,-1.005695909712902,0.0,0.0,1999-05-01,-1.02,-1.0233333333333334,-0.98,-1.3
1.0362106209952338,0.5274449762165457,0.4302034705351407,-1.205223159042928,-0.9870047961711472,0.0,0.0,1999-06-01,-1.04,-1.0133333333333334,-1.02,-1.07
1.8955374922717376,-0.2045444730298996,0.2129102013400176,-1.8491203332213424,-1.9322701293688649,0.0,0.0,1999-07-01,-1.1,-1.0533333333333337,-1.04,-0.98
1.624115970861383,-0.5117463283409774,0.8201738813791256,-1.0467834497403303,-0.7478003515956534,0.0,0.0,1999-08-01,-1.11,-1.0833333333333333,-1.1,-1.02
0.8614880459627247,-0.5451932924135804,0.3785342959198374,-0.1338906909137884,-0.2205645009579558,0.0,0.0,1999-09-01,-1.16,-1.1233333333333333,-1.11,-1.04
-0.4002729591214909,-0.4943311654892375,1.060974566720663,0.1871007400041649,0.514940619528717,0.0,0.0,1999-10-01,-1.26,-1.1766666666666667,-1.16,-1.1
-0.7277051018115749,-0.729192642301495,0.9875279376088943,0.2627710200324612,0.5983108280198466,0.0,0.0,1999-11-01,-1.46,-1.2933333333333332,-1.26,-1.11
-0.2560776112839324,-1.5022099753815823,0.5445832068110359,-0.4571882609452608,-0.0760800437903234,0.0,0.0,1999-12-01,-1.65,-1.4566666666666663,-1.46,-1.16
-0.6438064005699936,-1.13083557915486,0.4128325945253494,-0.0216807571695966,0.697741032730074,0.0,0.0,2000-01-01,-1.66,-1.59,-1.65,-1.26
-0.1450707839374956,-0.8032815212850423,-0.2710734295872529,0.2984258103392823,-0.0971419737938323,0.0,0.0,2000-02-01,-1.41,-1.5733333333333333,-1.66,-1.46
-0.6846653489799701,0.0911187494397794,-1.0536897718117884,1.30559411446858,0.6975629321410379,0.0,0.0,2000-03-01,-1.07,-1.38,-1.41,-1.65
-0.4958522292415857,1.5067437063567777,-1.342425633429131,1.250787525605224,0.5870937978180161,0.0,0.0,2000-04-01,-0.81,-1.096666666666667,-1.07,-1.66
0.3629335428824898,1.4495835468525469,-0.9093322558546226,0.2400653092871928,-0.5636582787845754,0.0,0.0,2000-05-01,-0.71,-0.8633333333333333,-0.81,-1.41
1.411762124036675,0.5026437160123618,-0.2487198693575497,-1.608830758579363,-1.930117096386013,0.0,0.0,2000-06-01,-0.64,-0.7200000000000001,-0.71,-1.07
1.6035192356010746,-0.1049118031527873,0.6214393294154175,-1.72913169826666,-1.4318509363881304,0.0,0.0,2000-07-01,-0.55,-0.6333333333333333,-0.64,-0.81
1.377146123909129,-0.33644782073901,0.5129538509411395,-1.1088366650845374,-1.2572570865354558,0.0,0.0,2000-08-01,-0.51,-0.5666666666666668,-0.55,-0.71
0.5319756975666752,-0.4437545330378757,0.6089157445559749,-0.0539927301532478,-0.0477426811038941,0.0,0.0,2000-09-01,-0.55,-0.5366666666666666,-0.51,-0.64
-0.1610790701133466,-0.3336676191974238,0.5809507719655198,0.6153457128912986,0.2696767393954492,0.0,0.0,2000-10-01,-0.63,-0.5633333333333334,-0.55,-0.55
-0.4913692205222082,-0.6930573740498517,0.6149464917273145,0.0718892107742894,0.3086510062271126,0.0,0.0,2000-11-01,-0.75,-0.6433333333333334,-0.63,-0.51
-0.2796445191411776,-1.165722268574032,0.4406753296481429,-0.2740403313850284,0.0047426648960788,0.0,0.0,2000-12-01,-0.74,-0.7066666666666667,-0.75,-0.55
-0.0138929278387426,-1.3284810747319205,0.0253546220914784,-0.6249436155822808,-0.1349422884669917,0.0,0.0,2001-01-01,-0.68,-0.7233333333333333,-0.74,-0.63
-0.7264503076710214,-0.7715806071008334,-0.954090902421473,0.9814810820797254,0.5501979223430292,0.0,0.0,2001-02-01,-0.52,-0.6466666666666666,-0.68,-0.75
-0.969248446029371,0.5230816894428132,-1.2785244897965196,1.6155768035618725,0.7240647249635348,0.0,0.0,2001-03-01,-0.44,-0.5466666666666667,-0.52,-0.74
-1.1015766421655169,1.5839485185797504,-1.890132807363352,1.268351775104302,0.5437319733718169,0.0,0.0,2001-04-01,-0.34,-0.4333333333333333,-0.44,-0.68
0.4479654590681559,1.7676170379624998,-1.604073014432656,0.1817684258658212,-1.0246192154019027,0.0,0.0,2001-05-01,-0.25,-0.3433333333333333,-0.34,-0.52
1.238143893372097,0.7225014167661142,0.1743697692715912,-1.4737040192243396,-1.682904975326517,0.0,0.0,2001-06-01,-0.12,-0.2366666666666667,-0.25,-0.44
1.6171284844908378,0.0140683247858787,0.565837177981867,-1.759214162464702,-1.5421077200088391,0.0,0.0,2001-07-01,-0.08,-0.15,-0.12,-0.34
1.7992294642542217,-0.1621442552488843,0.5614580069991529,-0.937530289969271,-1.386095147127758,0.0,0.0,2001-08-01,-0.13,-0.11,-0.08,-0.25
0.4237527289747977,-0.1944896762690902,0.3684165417579965,0.1173801543032233,0.3174433646166579,0.0,0.0,2001-09-01,-0.19,-0.1333333333333333,-0.13,-0.12
-0.2304688722753601,-0.2849460881713442,0.848970397639724,0.3836994608954742,0.0787281061418206,0.0,0.0,2001-10-01,-0.29,-0.2033333333333333,-0.19,-0.08
-0.1936475008384035,-0.7882642669466962,0.4989129866624773,-0.0397192471885706,-0.0184919033275361,0.0,0.0,2001-11-01,-0.35,-0.2766666666666666,-0.29,-0.13
-0.965924564044476,-0.8648735842603705,0.882683271960652,0.1675947069129515,0.8863786100644245,0.0,0.0,2001-12-01,-0.31,-0.3166666666666666,-0.35,-0.19
-0.6156911217262426,-1.032194175495088,-0.179629388925169,-0.3790831606867663,-0.2083721692546229,0.0,0.0,2002-01-01,-0.15,-0.2699999999999999,-0.31,-0.29
-0.7830665834287379,-0.4209688883188933,-0.4490106193961012,1.0025052631767035,0.4711453539938169,0.0,0.0,2002-02-01,0.03,-0.1433333333333333,-0.15,-0.35
-1.200087620667735,0.900066725977571,-1.3907735667145715,1.6025771190667943,0.929724608596211,0.0,0.0,2002-03-01,0.09,-0.01,0.03,-0.31
-1.0245370339247573,1.663607603031814,-1.9147337829177675,1.4598061430389335,0.7760670262624731,0.0,0.0,2002-04-01,0.2,0.1066666666666666,0.09,-0.15
0.1113815230579854,1.8125095122157873,-1.3371584593181145,0.1169709772692886,-0.6304084426526165,0.0,0.0,2002-05-01,0.43,0.24,0.2,0.03
1.367386613927044,0.9816924139881418,-0.8763922731453642,-1.395937249092844,-2.416058884588692,0.0,0.0,2002-06-01,0.65,0.4266666666666667,0.43,0.09
1.8476393235705943,0.2863785894851188,-0.1687853359083906,-1.3939723318168111,-2.2254048023092388,0.0,0.0,2002-07-01,0.79,0.6233333333333334,0.65,0.2
1.8289724339038036,-0.3587801051360936,0.5721836595988241,-1.176624142324805,-1.517473857502129,0.0,0.0,2002-08-01,0.86,0.7666666666666667,0.79,0.43
0.7448037570537193,-0.3191980731398549,0.2448514546049771,0.181884094285308,-0.4492567590420785,0.0,0.0,2002-09-01,1.01,0.8866666666666667,0.86,0.65
-0.4808242874124884,-0.1561893061558429,0.4935772937915624,0.5701106857404793,0.3223982930731905,0.0,0.0,2002-10-01,1.21,1.0266666666666666,1.01,0.79
-0.5596865076781978,-0.505911458468328,1.0461997294859535,-0.1075370873889535,0.6412399200003733,0.0,0.0,2002-11-01,1.31,1.1766666666666667,1.21,0.86
-0.8176139038627029,-0.6151271853118356,0.8660282799542928,-0.25206043997204,0.7329761320226746,0.0,0.0,2002-12-01,1.14,1.22,1.31,1.01
-0.6510235066471451,-0.950814772416144,0.2569573491040697,0.0112789589631808,0.5058026893065976,0.0,0.0,2003-01-01,0.92,1.1233333333333333,1.14,1.21
-0.851283540849588,0.1136556586308024,-0.4519015629137921,0.8854806314713718,0.4091006832745866,0.0,0.0,2003-02-01,0.63,0.8966666666666665,0.92,1.31
-1.2076121714828614,0.8528657899771026,-1.4254341925224328,1.5832792891306573,0.5676801249899686,0.0,0.0,2003-03-01,0.38,0.6433333333333332,0.63,1.14
-0.9719594110621532,1.7951237565200622,-2.202646871266233,1.2980988008858323,0.3667368362669571,0.0,0.0,2003-04-01,-0.04,0.3233333333333333,0.38,0.92
-0.0783033625559691,1.9307042240292207,-1.8455298354189933,0.1575648090881981,-1.0044872350257656,0.0,0.0,2003-05-01,-0.26,0.0266666666666666,-0.04,0.63
1.0054569121997805,1.1531728925008211,-1.038433658807544,-1.3382476248737782,-1.7618297553220577,0.0,0.0,2003-06-01,-0.16,-0.1533333333333334,-0.26,0.38
1.8048706134461632,0.2287822238333359,0.353508504054043,-1.9162832009963808,-1.9342859256909353,0.0,0.0,2003-07-01,0.08,-0.1133333333333334,-0.16,-0.04
1.238915598493051,-0.21314484086613,0.7964104791457237,-1.0736575611528558,-0.9820201055472162,0.0,0.0,2003-08-01,0.21,0.0433333333333332,0.08,-0.26
1.2016919218536175,-0.4039213149173449,0.0094204474392648,-0.1136053418462823,-1.0973553542399304,0.0,0.0,2003-09-01,0.26,0.1833333333333332,0.21,-0.16
-0.3127970859023695,-0.3281206943940838,0.7725270320449791,0.4324941836560013,0.223038714458614,0.0,0.0,2003-10-01,0.29,0.2533333333333332,0.26,0.08
-0.3269790839861202,-0.5800946854107579,0.743544144757452,0.1256287584678792,0.4239510599758387,0.0,0.0,2003-11-01,0.35,0.2999999999999999,0.29,0.21
-0.3511412457411237,-1.1299068031440502,0.6710003188261239,-0.2977725993532426,0.0825844326890551,0.0,0.0,2003-12-01,0.35,0.3299999999999999,0.35,0.26
-0.7318750172019914,-0.9146733776736664,0.1368362888986529,0.0902949480251342,0.4802502151410478,0.0,0.0,2004-01-01,0.37,0.3566666666666666,0.35,0.29
-1.0868546208514296,-0.2912539231365675,-0.5448563051941466,0.924177501210697,0.4347103196981551,0.0,0.0,2004-02-01,0.31,0.3433333333333332,0.37,0.35
-1.0419122791193205,1.0358591700696715,-1.300649471443197,1.5859656881732394,0.4698249530750961,0.0,0.0,2004-03-01,0.23,0.3033333333333333,0.31,0.35
-0.8714786881888146,1.7595643784070465,-1.9278866440681288,1.3851074777343269,0.6307114351792358,0.0,0.0,2004-04-01,0.17,0.2366666666666665,0.23,0.37
0.282424623853978,1.6384228245012735,-1.3992265890858877,-0.2552152961135438,-1.3855407677080378,0.0,0.0,2004-05-01,0.17,0.1899999999999999,0.17,0.31
1.5855957184401317,0.6608971008091135,-0.7354661766839792,-1.458664232980562,-2.497408100188838,0.0,0.0,2004-06-01,0.28,0.2066666666666666,0.17,0.23
1.7617784094125415,-0.2194612529185244,-0.085195189581059,-1.8867385949489528,-1.7380601767082997,0.0,0.0,2004-07-01,0.47,0.3066666666666666,0.28,0.17
1.98063288786087,-0.4305090598494373,0.5738451024888731,-1.1339540623761064,-1.6965837619460438,0.0,0.0,2004-08-01,0.64,0.4633333333333332,0.47,0.17
0.5359014683022345,-0.4923130994077075,0.2851996856345995,-0.2253150096761935,-0.2295748790340802,0.0,0.0,2004-09-01,0.7,0.6033333333333332,0.64,0.28
-0.7608641241053231,-0.4596662550383468,0.8577577915593512,0.471792529176658,0.5168515396418574,0.0,0.0,2004-10-01,0.67,0.6699999999999999,0.7,0.47
-0.3176759442916679,-0.6864946770658262,0.820686401703176,-0.0901767034792211,0.6105442598591106,0.0,0.0,2004-11-01,0.66,0.6766666666666666,0.67,0.64
-0.6174308877500587,-1.108081792188225,0.7589975917902091,-0.297045334165719,0.430198753052793,0.0,0.0,2004-12-01,0.69,0.6733333333333333,0.66,0.7
-0.3416316186650568,-1.1438102614483268,-0.0381995425410002,-0.0400778192889799,0.0606305824942966,0.0,0.0,2005-01-01,0.64,0.6633333333333332,0.69,0.67
-0.8184748208571724,-0.1025138946393978,-0.5915850031456362,0.9868987016774406,0.671738819146055,0.0,0.0,2005-02-01,0.58,0.6366666666666666,0.64,0.66
-1.6387839154047483,1.143169558263043,-1.208357442608594,1.7006249007000651,1.1685223035505907,0.0,0.0,2005-03-01,0.45,0.5566666666666665,0.58,0.69
-1.454934024279761,1.8404463104300677,-1.525639315900342,1.4391824638444286,0.6568541923315263,0.0,0.0,2005-04-01,0.43,0.4866666666666666,0.45,0.64
-0.2726123820037872,1.8820182266499943,-2.2810816660987054,0.1665536911375698,-0.8595057969041108,0.0,0.0,2005-05-01,0.29,0.3899999999999999,0.43,0.58
1.5818245218452165,1.125321865158248,-1.536186271574194,-1.428266572339418,-2.715344641665812,0.0,0.0,2005-06-01,0.11,0.2766666666666666,0.29,0.45
1.794104040385357,0.083296445939779,0.4254658094006303,-1.8375563829831445,-2.1825021655886205,0.0,0.0,2005-07-01,-0.06,0.1133333333333332,0.11,0.43
1.5697278400973709,-0.2832282201407963,0.3199820007600424,-0.981300665758338,-1.6343650061682975,0.0,0.0,2005-08-01,-0.14,-0.03,-0.06,0.29
0.9852827453413606,-0.3041379333656573,0.4034214058155945,-0.1282460720428302,-0.92439488047902,0.0,0.0,2005-09-01,-0.11,-0.1033333333333334,-0.14,0.11
-0.2486542868056893,-0.6283738837984426,0.6052623242781188,0.0164406621827814,0.06837016326403,0.0,0.0,2005-10-01,-0.29,-0.18,-0.11,-0.06
-0.4960943117124317,-0.8235994154950973,0.96067625782929,-0.0275885216948874,0.2006979560876713,0.0,0.0,2005-11-01,-0.57,-0.3233333333333333,-0.29,-0.14
-0.2556727059363984,-1.3648601773188531,1.050079535746519,-0.4818270801512031,-0.0830994273505445,0.0,0.0,2005-12-01,-0.84,-0.5666666666666668,-0.57,-0.11
-0.3163824169557787,-1.4138941593775918,0.0522830428821691,-0.0370877906452448,-0.0427544473647962,0.0,0.0,2006-01-01,-0.85,-0.7533333333333333,-0.84,-0.29
-0.6129007177789534,-0.2390978813475651,-0.0755510370876461,0.8800355406240284,0.94627473574668,0.0,0.0,2006-02-01,-0.77,-0.82,-0.85,-0.57
-1.029648381146243,0.6492849500776755,-1.1287019175497477,1.5910001561314044,0.6719894354921669,0.0,0.0,2006-03-01,-0.57,-0.7300000000000001,-0.77,-0.84
-0.6912841527134337,1.4097993406587055,-1.7401786790975724,1.357763463367636,0.1007091202195224,0.0,0.0,2006-04-01,-0.37,-0.5700000000000001,-0.57,-0.85
-0.2181267906302164,1.6737224394028214,-1.2933420827374054,0.2604403013798012,-0.7129849933464446,0.0,0.0,2006-05-01,-0.14,-0.36,-0.37,-0.77
1.263114879560251,1.0184844420574546,-0.325104034743741,-1.3130897436353888,-1.5683629120157487,0.0,0.0,2006-06-01,-0.03,-0.18,-0.14,-0.57
2.0253933987593213,0.0962319186918914,0.9252257477573038,-1.6651236866331252,-1.6111216982606054,0.0,0.0,2006-07-01,0.1,-0.0233333333333334,-0.03,-0.37
1.3757570188273427,-0.2042920616074389,1.3694800090943675,-0.920968018153998,-0.7898979925504372,0.0,0.0,2006-08-01,0.3,0.1233333333333332,0.1,-0.14
0.9582968260541956,-0.2893424579955929,0.5623344989757904,-0.0797983545407637,-0.6679850686549285,0.0,0.0,2006-09-01,0.54,0.3133333333333333,0.3,-0.03
-0.3109159257835446,-0.1780951867907099,0.6934185607651714,0.7336108883956268,0.2973432722770191,0.0,0.0,2006-10-01,0.77,0.5366666666666666,0.54,0.1
-0.4993893231211744,-0.4004635234892412,1.0002274786437588,0.2533556106862317,0.8647523799187289,0.0,0.0,2006-11-01,0.94,0.75,0.77,0.3
-0.0612810198077949,-0.964206056086492,0.7848839792803447,-0.5107615352858383,-0.0538812462337194,0.0,0.0,2006-12-01,0.94,0.8833333333333332,0.94,0.54
-0.2351921702620963,-1.1167961127540131,0.2028680918891063,-0.0538524821946199,-0.1447739606387147,0.0,0.0,2007-01-01,0.66,0.8466666666666666,0.94,0.77
-0.6810428089541897,0.056256565983952,0.1782358717801764,0.7930427681832132,0.4228786771187746,0.0,0.0,2007-02-01,0.22,0.6066666666666666,0.66,0.94
-0.989107547034993,0.7604207191493377,-1.308385513510922,1.6289061430524885,0.3364101325183682,0.0,0.0,2007-03-01,-0.12,0.2533333333333332,0.22,0.94
-0.8257797042450494,1.6993899854112795,-1.5497146155288055,1.2956075923011343,0.5298689447636343,0.0,0.0,2007-04-01,-0.32,-0.0733333333333334,-0.12,0.66
0.2213135042338649,1.9251511727350468,-1.3190174324470496,0.3013001705635305,-0.7030234069519481,0.0,0.0,2007-05-01,-0.38,-0.2733333333333334,-0.32,0.22
0.8786319679073685,1.1707118104674583,-0.4212303733823357,-1.5984437345094442,-2.3676991418886084,0.0,0.0,2007-06-01,-0.47,-0.39,-0.38,-0.12
1.6051622582967264,0.237300496692356,0.5314621383652672,-1.8056318992047744,-1.8527933320303829,0.0,0.0,2007-07-01,-0.56,-0.47,-0.47,-0.32
1.4673974278264177,0.0222141070020462,0.9915941148963868,-0.9489453171173794,-1.2282115732310792,0.0,0.0,2007-08-01,-0.81,-0.6133333333333334,-0.56,-0.38
1.1155724277526309,-0.121970404237844,0.8802078262029924,-0.1621889697412459,-0.955603347488716,0.0,0.0,2007-09-01,-1.07,-0.8133333333333335,-0.81,-0.47
-0.3123755934225733,-0.4994982478607135,0.6918426292874765,0.1695755285966638,-0.1560337444302203,0.0,0.0,2007-10-01,-1.34,-1.0733333333333337,-1.07,-0.56
-0.6704534940581482,-0.6930414451736735,1.2561006467130091,0.1485137552633522,0.527851731195497,0.0,0.0,2007-11-01,-1.5,-1.3033333333333337,-1.34,-0.81
-0.3240959714185142,-1.0620767471990364,0.6165416084577814,-0.6812857027143248,-0.0614918576113927,0.0,0.0,2007-12-01,-1.6,-1.4800000000000002,-1.5,-1.07
-0.5718060527705118,-1.2333979369499692,0.2159189971247373,-0.009443038387888,0.3543248314232992,0.0,0.0,2008-01-01,-1.64,-1.58,-1.6,-1.34
-0.1310644301353697,-1.1257003545357356,-0.8931607322181172,0.2180593924798199,-0.8923303968450931,0.0,0.0,2008-02-01,-1.52,-1.586666666666667,-1.64,-1.5
-1.1233526776995446,0.2050678031035439,-0.43411409284381,1.0671668013803393,1.0776999790335706,0.0,0.0,2008-03-01,-1.29,-1.4833333333333334,-1.52,-1.6
-0.9295852953652012,1.24833077347098,-1.534286931549772,1.150245643676768,0.4542470567263195,0.0,0.0,2008-04-01,-1.01,-1.2733333333333334,-1.29,-1.64
0.2562078992028836,1.429907708882156,-1.302894146017514,0.2804249125566415,-0.1553704732710479,0.0,0.0,2008-05-01,-0.84,-1.0466666666666669,-1.01,-1.52
1.317453428247827,0.6502321055609961,-0.1631629605460547,-1.617121292546083,-1.8813541471799808,0.0,0.0,2008-06-01,-0.61,-0.8200000000000002,-0.84,-1.29
1.7514916976050574,0.009703812713982,0.2694601042605012,-1.9974535143712768,-1.927371182131965,0.0,0.0,2008-07-01,-0.37,-0.6066666666666668,-0.61,-1.01
1.2391606397496522,-0.2241210618487421,1.6108557038689844,-0.9758093075432,-0.0850708166291936,0.0,0.0,2008-08-01,-0.23,-0.4033333333333335,-0.37,-0.84
0.5946767610592034,-0.0845706282775558,0.7700340454847854,0.0766171574208143,-0.3119988395680716,0.0,0.0,2008-09-01,-0.24,-0.2800000000000001,-0.23,-0.61
-0.4274451025908594,-0.0603134004596521,0.9867895794522146,0.3737808939244769,0.3151927778628885,0.0,0.0,2008-10-01,-0.35,-0.2733333333333335,-0.24,-0.37
-0.3154876084153908,-0.6005694177862266,0.9189401107991382,-0.0456544829634896,-0.2057748296298892,0.0,0.0,2008-11-01,-0.55,-0.3800000000000001,-0.35,-0.23
-0.5297470029263578,-1.2726417866520356,0.7789031137662125,-0.3429266586104211,0.3517778040339317,0.0,0.0,2008-12-01,-0.73,-0.5433333333333334,-0.55,-0.24
-0.6578717507668663,-1.0949563982201826,0.4425483584687629,0.0207695527820767,0.2804997751907641,0.0,0.0,2009-01-01,-0.85,-0.7100000000000001,-0.73,-0.35
-0.8557578525320502,-0.1205968449923068,-0.4721069229831179,1.0689943624082314,0.5662661858308528,0.0,0.0,2009-02-01,-0.79,-0.7900000000000001,-0.85,-0.55
-1.1961553943996202,0.8529013236239558,-0.9674416457504252,1.6383258899644486,0.9431086080338824,0.0,0.0,2009-03-01,-0.61,-0.7500000000000001,-0.79,-0.73
-0.9729559839004708,1.7726689423062494,-1.3537339695629902,1.2289377611641583,0.2852050321318961,0.0,0.0,2009-04-01,-0.33,-0.5766666666666668,-0.61,-0.85
-0.0341803354974138,1.88256716022894,-1.696554703194661,0.2646014727708406,-0.7504161154192511,0.0,0.0,2009-05-01,0.01,-0.3100000000000001,-0.33,-0.79
1.0157071323162885,1.2925579108194267,-1.0370473872572523,-0.9767346548990948,-1.9668051091045633,0.0,0.0,2009-06-01,0.28,-0.0133333333333334,0.01,-0.61
1.9304444396651717,0.3014803893970079,0.3977677858987446,-1.8437070511893576,-2.5895094892809705,0.0,0.0,2009-07-01,0.45,0.2466666666666665,0.28,-0.33
1.331488473305756,-0.0568715379077265,0.0683312327508562,-0.9665587256947392,-1.5593785167841774,0.0,0.0,2009-08-01,0.58,0.4366666666666665,0.45,0.01
0.9428304459723426,-0.0225460350491724,0.4779150015786316,0.1459690500346415,-0.9198178843069156,0.0,0.0,2009-09-01,0.71,0.5799999999999998,0.58,0.28
-0.6129113873397055,-0.0089783084427354,1.0151936202561065,0.7478120785981247,0.3777292329672307,0.0,0.0,2009-10-01,1.01,0.7666666666666666,0.71,0.45
-0.695451557618967,-0.3037850474934754,1.018401942669654,0.0097000850371853,0.3970505485932693,0.0,0.0,2009-11-01,1.36,1.0266666666666666,1.01,0.58
-0.5272267450844984,-0.6121925962011685,0.7486731850485107,-0.2206073050030787,0.3344172483410421,0.0,0.0,2009-12-01,1.56,1.3099999999999998,1.36,0.71
-0.6775422964257509,-0.7693934498722174,0.643377391885088,0.1288747034897289,0.5268265898739861,0.0,0.0,2010-01-01,1.5,1.4733333333333334,1.56,1.01
-1.0396577740343458,0.3045166782555604,0.0052830106414777,1.165340372419802,1.061432120058035,0.0,0.0,2010-02-01,1.22,1.4266666666666663,1.5,1.36
-1.2850955079266653,1.5396601163229413,-1.0404075472427372,1.757919806437632,0.8732598718488866,0.0,0.0,2010-03-01,0.84,1.1866666666666663,1.22,1.56
-0.858531938327601,2.4247211644166526,-2.021293062013742,1.7788991660220592,0.1536515280759769,0.0,0.0,2010-04-01,0.35,0.8033333333333331,0.84,1.5
0.2901971747114604,2.3771808208238436,-2.354235034918103,0.2310865482245262,-1.5044129901676444,0.0,0.0,2010-05-01,-0.17,0.3399999999999998,0.35,1.22
1.270716807105874,1.4591751809061178,-0.6940528900504744,-1.3025986179879316,-2.101767562366026,0.0,0.0,2010-06-01,-0.66,-0.1600000000000001,-0.17,0.84
1.371759968253146,0.4415160410424404,0.8565441872840055,-1.8531325815222923,-1.2632012527464789,0.0,0.0,2010-07-01,-1.05,-0.6266666666666668,-0.66,0.35
1.4141174968178358,0.0781673478114889,0.7520415672851837,-1.1391360075691173,-1.255946133923845,0.0,0.0,2010-08-01,-1.35,-1.0200000000000002,-1.05,-0.17
0.4194151490582762,-0.0134481961570232,1.107422611831602,-0.1187786119078316,-0.2593160239494831,0.0,0.0,2010-09-01,-1.56,-1.3200000000000005,-1.35,-0.66
-0.1102543036600193,0.0687644096756791,1.261895141200214,0.3677227604538532,0.0789383309750338,0.0,0.0,2010-10-01,-1.64,-1.5166666666666668,-1.56,-1.05
-0.3643507895734675,-0.4981810523308732,1.0156842145769889,-0.0692942161961142,0.1554372581199009,0.0,0.0,2010-11-01,-1.64,-1.6133333333333333,-1.64,-1.35
-0.5405509642798834,-1.317394576914252,0.9580769301537324,-0.4575135783750675,0.0124883870654363,0.0,0.0,2010-12-01,-1.59,-1.6233333333333335,-1.64,-1.56
-0.2874362572759787,-1.4487931017784366,0.4900718740350899,-0.2175377543209465,0.2068809282609177,0.0,0.0,2011-01-01,-1.42,-1.55,-1.59,-1.64
-0.8232187406840175,-0.5654695264859438,0.173625381464041,0.7679239250364005,0.7731515148957875,0.0,0.0,2011-02-01,-1.19,-1.4000000000000004,-1.42,-1.64
-0.9106458387682728,0.3948076749052253,-0.7584062574984244,1.3038619798867646,0.8129232188475939,0.0,0.0,2011-03-01,-0.93,-1.1800000000000002,-1.19,-1.59
-0.8631088212495623,1.2966013947714936,-1.2471067198571957,1.3603573276746284,0.5320193794620309,0.0,0.0,2011-04-01,-0.73,-0.9500000000000002,-0.93,-1.42
0.040433965026163,1.645343308550142,-0.8236092575691304,0.3407257513456228,-0.3496397140587357,0.0,0.0,2011-05-01,-0.55,-0.7366666666666668,-0.73,-1.19
1.236484552524707,1.0648926101436835,0.3176819630277275,-1.2567100642670117,-1.6796448369579686,0.0,0.0,2011-06-01,-0.44,-0.5733333333333335,-0.55,-0.93
1.2330088758645732,0.2784766416042452,0.8894622439900961,-1.6686891656638072,-1.6525152041279645,0.0,0.0,2011-07-01,-0.48,-0.4900000000000001,-0.44,-0.73
1.3474730891955693,-0.0414891447155261,1.0506627674307865,-1.109808279808227,-1.1190590605039326,0.0,0.0,2011-08-01,-0.62,-0.5133333333333335,-0.48,-0.55
1.071872955357882,-0.0167699794885525,1.2801019460807823,-0.0145324488453094,-0.4252542796580402,0.0,0.0,2011-09-01,-0.83,-0.6433333333333335,-0.62,-0.44
-1.056408267133777,-0.1190725740721943,1.052620759513682,0.5641248450320349,0.6846936292332216,0.0,0.0,2011-10-01,-1.01,-0.8200000000000002,-0.83,-0.48
-0.8227254304045374,-0.2706297043846877,1.016006526823558,0.2268646509132562,0.5918144082582011,0.0,0.0,2011-11-01,-1.09,-0.9766666666666668,-1.01,-0.62
-0.3073306843903093,-0.9600143110561828,0.552634983324378,-0.5536513852315618,-0.0962571398329141,0.0,0.0,2011-12-01,-1.04,-1.0466666666666669,-1.09,-0.83
-0.4390444393513769,-1.0890063503198069,0.4368273160921714,-0.12167321410549,-0.1924557873036036,0.0,0.0,2012-01-01,-0.86,-0.9966666666666668,-1.04,-1.01
-0.6050569767430071,-0.4133352807366585,-0.4267809410842973,0.7345998533822394,0.4374342666381725,0.0,0.0,2012-02-01,-0.72,-0.8733333333333335,-0.86,-1.09
-0.8492512136767456,0.4860813606850639,-1.3719709226979149,1.4126206571645177,0.5923553238402891,0.0,0.0,2012-03-01,-0.59,-0.7233333333333335,-0.72,-1.04
-1.0606893611404338,1.6525296823013165,-1.6992949054405737,1.3175455539120586,0.668731659200395,0.0,0.0,2012-04-01,-0.47,-0.5933333333333335,-0.59,-0.86
0.1103644180397332,1.94932630557574,-1.9652140200112893,0.3353471698394843,-0.8266278140279532,0.0,0.0,2012-05-01,-0.26,-0.4400000000000001,-0.47,-0.72
1.4097869103949172,1.1553085872064146,-0.7057586349917523,-1.2185712946517104,-2.233811669768667,0.0,0.0,2012-06-01,-0.01,-0.2466666666666668,-0.26,-0.59
1.6945346235244936,0.3388017462745871,1.020009118701863,-1.691731760680831,-1.1749363487566504,0.0,0.0,2012-07-01,0.25,-0.0066666666666668,-0.01,-0.47
1.4977877439350782,0.1530269393422678,1.093290206489714,-0.8729974328823147,-0.9848656994412834,0.0,0.0,2012-08-01,0.37,0.2033333333333331,0.25,-0.26
0.8382064367803812,-0.0029363631798138,0.7775689164734445,-0.0115178406624334,-0.8693615622589661,0.0,0.0,2012-09-01,0.37,0.3299999999999998,0.37,-0.01
-0.662612801468131,-0.0924860544382705,0.915217623611304,0.526463207647117,0.2203393331170867,0.0,0.0,2012-10-01,0.27,0.3366666666666665,0.37,0.25
-0.705770278108707,-0.2394434154307443,1.3246873772226058,0.0804746992107007,0.4477702422019303,0.0,0.0,2012-11-01,0.05,0.2299999999999998,0.27,0.37
-0.5145938954938152,-0.5606577805829868,0.9490127204441102,-0.3222422534956854,0.3356339540892233,0.0,0.0,2012-12-01,-0.21,0.0366666666666665,0.05,0.37
-0.2673995394648949,-0.852403724811825,0.1033136226552065,0.0841009041616134,-0.4594720324824959,0.0,0.0,2013-01-01,-0.43,-0.1966666666666668,-0.21,0.27
-0.9451558605696924,-0.1047022771661824,-0.3123255600974726,0.7657377919080991,0.4364558944368591,0.0,0.0,2013-02-01,-0.43,-0.3566666666666668,-0.43,0.05
-1.1300109319097384,1.0422650288882789,-1.142784441234428,1.6736249998813475,0.5463668700173152,0.0,0.0,2013-03-01,-0.34,-0.4000000000000002,-0.43,-0.21
-1.0804531533806814,1.7939156125271098,-1.6926069263242758,1.3089962118567369,0.4130798378142612,0.0,0.0,2013-04-01,-0.3,-0.3566666666666668,-0.34,-0.43
0.4149342025229098,1.7869620454277209,-1.951566179339412,-0.056758651234227,-1.4209490072284428,0.0,0.0,2013-05-01,-0.36,-0.3333333333333335,-0.3,-0.43
1.6272352483283254,0.6851249214710025,0.2465512680005713,-1.5818033865110173,-2.310307053798367,0.0,0.0,2013-06-01,-0.41,-0.3566666666666667,-0.36,-0.34
1.726130420677795,0.0362609251918954,1.7771891046512862,-2.0377784171148794,-1.1477086897403728,0.0,0.0,2013-07-01,-0.4,-0.3900000000000001,-0.41,-0.3
1.3619429860992782,-0.2924424623588448,1.12623895960024,-1.0823081130752286,-0.7446580808583092,0.0,0.0,2013-08-01,-0.32,-0.3766666666666668,-0.4,-0.36
0.6251449021992326,-0.0731067386243604,1.144492905387619,-0.0385625629937022,-0.2034354287892775,0.0,0.0,2013-09-01,-0.26,-0.3266666666666668,-0.32,-0.41
-0.3472718712552546,-0.1442034394833794,1.3058863776561866,0.5640699025327787,0.1084305129980707,0.0,0.0,2013-10-01,-0.18,-0.2533333333333334,-0.26,-0.4
-0.748239074949812,-0.2809332366734565,1.2833897502558125,0.3562021858729631,0.4174971575961936,0.0,0.0,2013-11-01,-0.17,-0.2033333333333334,-0.18,-0.32
-0.4722934804602103,-1.036047738231225,0.5538787358540782,-0.5889157946226147,-0.6530142260380147,0.0,0.0,2013-12-01,-0.27,-0.2066666666666668,-0.17,-0.26
-0.3968094762450745,-1.2248931423707858,-0.031115250917443,0.0072739399384486,-0.1524842516564052,0.0,0.0,2014-01-01,-0.42,-0.2866666666666668,-0.27,-0.18
-0.7482301089323733,-0.5083865607662579,-0.5899487751592295,0.778860374098882,0.0366531411241,0.0,0.0,2014-02-01,-0.46,-0.3833333333333334,-0.42,-0.17
-1.1132293267297946,0.8315210959028582,-1.14523083503789,1.5472514681709912,0.912429246222386,0.0,0.0,2014-03-01,-0.27,-0.3833333333333334,-0.46,-0.27
-1.1936684004824585,1.8910168163905952,-2.0529081659815778,1.592495170453272,0.4246136225119765,0.0,0.0,2014-04-01,0.04,-0.2300000000000001,-0.27,-0.42
-0.361115222860344,2.012772244678182,-1.84292721884296,0.2512041780837764,-0.6141120025480695,0.0,0.0,2014-05-01,0.21,-0.0066666666666668,0.04,-0.46
1.303845075959807,1.499101521687367,-0.5236280970770377,-1.0619316751273766,-1.5623507179935283,0.0,0.0,2014-06-01,0.16,0.1366666666666665,0.21,-0.27
1.9351206660603535,0.4526981121171604,0.7184043376751853,-1.6597855890738071,-2.002621043076797,0.0,0.0,2014-07-01,0.05,0.1399999999999998,0.16,0.04
0.9423214451623448,0.0191018496571218,1.384085467954604,-0.9696355056530894,-0.2992459870453945,0.0,0.0,2014-08-01,0.07,0.0933333333333332,0.05,0.21
0.4989144945231841,-0.0193749633922184,0.6483661057558702,0.0760070065080212,-0.6368930520303717,0.0,0.0,2014-09-01,0.23,0.1166666666666665,0.07,0.16
-0.6626980682939737,0.168186328268018,0.9504872441571536,0.6718670860735472,0.4863831112866089,0.0,0.0,2014-10-01,0.49,0.2633333333333332,0.23,0.05
-0.7037513103018482,-0.1497491389885465,0.996132797552148,0.1245038830883696,0.4207539890572542,0.0,0.0,2014-11-01,0.64,0.4533333333333332,0.49,0.07
-0.3104493342360317,-0.7636063666280892,0.699664730917635,-0.3688797602327827,0.0482974710150134,0.0,0.0,2014-12-01,0.66,0.5966666666666666,0.64,0.23
-0.6990298055185996,-1.0576534208151058,0.6205052816804629,-0.1528458531571957,-0.1748165065509494,0.0,0.0,2015-01-01,0.55,0.6166666666666666,0.66,0.49
-1.0492088241109796,-0.2851703177359587,-0.1430299562871828,0.7306266431728662,0.5980887928027431,0.0,0.0,2015-02-01,0.47,0.5599999999999999,0.55,0.64
-1.5156952898994145,0.9624932170048262,-1.048625961380155,1.8121263653749,1.0066744561979366,0.0,0.0,2015-03-01,0.53,0.5166666666666666,0.47,0.66
-1.491561012458645,1.8241081846673843,-1.3036703265296592,1.4027310072983918,0.8899016475783289,0.0,0.0,2015-04-01,0.7,0.5666666666666665,0.53,0.55
0.0401258030067928,2.250130879155382,-1.9056975288621851,0.5101366102365483,-0.5649701762268977,0.0,0.0,2015-05-01,0.93,0.7199999999999999,0.7,0.47
0.8154932731036546,1.5798584732973264,0.1720637018884045,-1.1168582699759502,-1.1415713056489358,0.0,0.0,2015-06-01,1.18,0.9366666666666664,0.93,0.53
1.5908800201380102,0.6571685184860426,0.5299804887011955,-1.3254199971526868,-1.4134517755360976,0.0,0.0,2015-07-01,1.52,1.2099999999999995,1.18,0.7
1.341518757014492,0.3511784830624184,0.741074728650664,-0.6923233616438572,-1.249003517858899,0.0,0.0,2015-08-01,1.86,1.5199999999999998,1.52,0.93
0.5275012065638646,0.3830068282560261,0.5455013581936929,0.2714461514939749,-0.5271108096342988,0.0,0.0,2015-09-01,2.16,1.8466666666666665,1.86,1.18
-0.7384633364761628,0.5645653841946912,1.0223124453346548,0.9582071502237278,0.7710187957732233,0.0,0.0,2015-10-01,2.42,2.1466666666666665,2.16,1.52
-0.7731529476068809,0.1950669194620942,1.20066184400306,0.3290605912403741,0.4870081168019821,0.0,0.0,2015-11-01,2.57,2.3833333333333333,2.42,1.86
-0.6995260745838348,-0.2437246072272666,1.01158185938427,-0.0374694964295514,0.299018457127747,0.0,0.0,2015-12-01,2.64,2.543333333333333,2.57,2.16
